100,Professor X,0,,,
100,Wolverine = Logan,1,,1,
100,Cyclops = Scott Summers,0,,,
100,Marvel Girl/Phoenix = Jean Grey,0,,,1
100,Storm = Ororo Munroe,0,,,1
100,Colossus = Peter (Piotr) Rasputin,0,,,
100,Nightcrawler = Kurt Wagner,0,,,1
100,Banshee = Sean Cassidy,0,,,
100,Angel = Warren Worthington,0,,,
100,Ariel/Sprite/Shadowcat = Kitty Pryde,0,,,
100,Magneto = Erik Magnus,0,,,
100,Phoenix(2) = Rachel Summers,0,,,
100,Rogue = Name Unknown,0,,,
100,Mystique = Name Unknown,0,,,
100,Binary/Ms Marvel = Carol Danvers,0,,,
100,Longshot = (unknown real name),0,,,
100,Dazzler = Alison Blaire,0,,,
100,Psylocke = Elizabeth (Betsy) Braddock,0,,,
100,Moira MacTaggert (scientist helper),0,,,
100,Havok = Alex Summers,0,,,
100,Jubilee = Jubilation Lee,0,,,
100,Forge = Name Unknown,0,,,
100,Gambit = Name Unknown,0,,,
101,Professor X,0,,,
101,Wolverine = Logan,0,,,
101,Cyclops = Scott Summers,0,,,
101,Marvel Girl/Phoenix = Jean Grey,0,,,
101,Storm = Ororo Munroe,0,,,
101,Colossus = Peter (Piotr) Rasputin,0,,,
101,Nightcrawler = Kurt Wagner,0,,,
101,Banshee = Sean Cassidy,0,,,
101,Angel = Warren Worthington,0,,,
101,Ariel/Sprite/Shadowcat = Kitty Pryde,0,,,
101,Magneto = Erik Magnus,0,,,
101,Phoenix(2) = Rachel Summers,0,,,
101,Rogue = Name Unknown,0,,,
101,Mystique = Name Unknown,0,,,
101,Binary/Ms Marvel = Carol Danvers,0,,,
101,Longshot = (unknown real name),0,,,
101,Dazzler = Alison Blaire,0,,,
101,Psylocke = Elizabeth (Betsy) Braddock,0,,,
101,Moira MacTaggert (scientist helper),0,,,
101,Havok = Alex Summers,0,,,
101,Jubilee = Jubilation Lee,0,,,
101,Forge = Name Unknown,0,,,
101,Gambit = Name Unknown,0,,,
102,Professor X,0,,,
102,Wolverine = Logan,0,,,
102,Cyclops = Scott Summers,0,,,
102,Marvel Girl/Phoenix = Jean Grey,0,,,
102,Storm = Ororo Munroe,0,,,1
102,Colossus = Peter (Piotr) Rasputin,0,,,
102,Nightcrawler = Kurt Wagner,0,,,
102,Banshee = Sean Cassidy,0,,,
102,Angel = Warren Worthington,0,,,
102,Ariel/Sprite/Shadowcat = Kitty Pryde,0,,,
102,Magneto = Erik Magnus,0,,,
102,Phoenix(2) = Rachel Summers,0,,,
102,Rogue = Name Unknown,0,,,
102,Mystique = Name Unknown,0,,,
102,Binary/Ms Marvel = Carol Danvers,0,,,
102,Longshot = (unknown real name),0,,,
102,Dazzler = Alison Blaire,0,,,
102,Psylocke = Elizabeth (Betsy) Braddock,0,,,
102,Moira MacTaggert (scientist helper),0,,,
102,Havok = Alex Summers,0,,,
102,Jubilee = Jubilation Lee,0,,,
102,Forge = Name Unknown,0,,,
102,Gambit = Name Unknown,0,,,
103,Professor X,0,,,
103,Wolverine = Logan,0,,,
103,Cyclops = Scott Summers,0,,,
103,Marvel Girl/Phoenix = Jean Grey,0,,,
103,Storm = Ororo Munroe,0,,,
103,Colossus = Peter (Piotr) Rasputin,0,,,
103,Nightcrawler = Kurt Wagner,0,,,
103,Banshee = Sean Cassidy,1,1,,
103,Angel = Warren Worthington,0,,,
103,Ariel/Sprite/Shadowcat = Kitty Pryde,0,,,
103,Magneto = Erik Magnus,0,,,
103,Phoenix(2) = Rachel Summers,0,,,
103,Rogue = Name Unknown,0,,,
103,Mystique = Name Unknown,0,,,
103,Binary/Ms Marvel = Carol Danvers,0,,,
103,Longshot = (unknown real name),0,,,
103,Dazzler = Alison Blaire,0,,,
103,Psylocke = Elizabeth (Betsy) Braddock,0,,,
103,Moira MacTaggert (scientist helper),0,,,
103,Havok = Alex Summers,0,,,
103,Jubilee = Jubilation Lee,0,,,
103,Forge = Name Unknown,0,,,
103,Gambit = Name Unknown,0,,,
104,Professor X,0,,,
104,Wolverine = Logan,0,,,
104,Cyclops = Scott Summers,0,,,
104,Marvel Girl/Phoenix = Jean Grey,0,,,
104,Storm = Ororo Munroe,0,,,
104,Colossus = Peter (Piotr) Rasputin,0,,,
104,Nightcrawler = Kurt Wagner,0,,,
104,Banshee = Sean Cassidy,0,,,
104,Angel = Warren Worthington,0,,,
104,Ariel/Sprite/Shadowcat = Kitty Pryde,0,,,
104,Magneto = Erik Magnus,0,,,
104,Phoenix(2) = Rachel Summers,0,,,
104,Rogue = Name Unknown,0,,,
104,Mystique = Name Unknown,0,,,
104,Binary/Ms Marvel = Carol Danvers,0,,,
104,Longshot = (unknown real name),0,,,
104,Dazzler = Alison Blaire,0,,,
104,Psylocke = Elizabeth (Betsy) Braddock,0,,,
104,Moira MacTaggert (scientist helper),0,,,
104,Havok = Alex Summers,0,,,
104,Jubilee = Jubilation Lee,0,,,
104,Forge = Name Unknown,0,,,
104,Gambit = Name Unknown,0,,,
105,Professor X,0,,,
105,Wolverine = Logan,0,,,
105,Cyclops = Scott Summers,0,,,
105,Marvel Girl/Phoenix = Jean Grey,0,,,
105,Storm = Ororo Munroe,0,,,
105,Colossus = Peter (Piotr) Rasputin,0,,,
105,Nightcrawler = Kurt Wagner,0,,,
105,Banshee = Sean Cassidy,0,,,
105,Angel = Warren Worthington,0,,,
105,Ariel/Sprite/Shadowcat = Kitty Pryde,0,,,
105,Magneto = Erik Magnus,0,,,
105,Phoenix(2) = Rachel Summers,0,,,
105,Rogue = Name Unknown,0,,,
105,Mystique = Name Unknown,0,,,
105,Binary/Ms Marvel = Carol Danvers,0,,,
105,Longshot = (unknown real name),0,,,
105,Dazzler = Alison Blaire,0,,,
105,Psylocke = Elizabeth (Betsy) Braddock,0,,,
105,Moira MacTaggert (scientist helper),0,,,
105,Havok = Alex Summers,0,,,
105,Jubilee = Jubilation Lee,0,,,
105,Forge = Name Unknown,0,,,
105,Gambit = Name Unknown,0,,,
106,Professor X,0,,,
106,Wolverine = Logan,0,,,
106,Cyclops = Scott Summers,0,,,
106,Marvel Girl/Phoenix = Jean Grey,0,,,
106,Storm = Ororo Munroe,0,,,
106,Colossus = Peter (Piotr) Rasputin,0,,,
106,Nightcrawler = Kurt Wagner,0,,,
106,Banshee = Sean Cassidy,0,,,
106,Angel = Warren Worthington,0,,,
106,Ariel/Sprite/Shadowcat = Kitty Pryde,0,,,
106,Magneto = Erik Magnus,0,,,
106,Phoenix(2) = Rachel Summers,0,,,
106,Rogue = Name Unknown,0,,,
106,Mystique = Name Unknown,0,,,
106,Binary/Ms Marvel = Carol Danvers,0,,,
106,Longshot = (unknown real name),0,,,
106,Dazzler = Alison Blaire,0,,,
106,Psylocke = Elizabeth (Betsy) Braddock,0,,,
106,Moira MacTaggert (scientist helper),0,,,
106,Havok = Alex Summers,0,,,
106,Jubilee = Jubilation Lee,0,,,
106,Forge = Name Unknown,0,,,
106,Gambit = Name Unknown,0,,,
107,Professor X,0,,,
107,Wolverine = Logan,0,,,
107,Cyclops = Scott Summers,0,,,
107,Marvel Girl/Phoenix = Jean Grey,0,,,
107,Storm = Ororo Munroe,0,,,
107,Colossus = Peter (Piotr) Rasputin,0,,,
107,Nightcrawler = Kurt Wagner,0,,,
107,Banshee = Sean Cassidy,0,,,
107,Angel = Warren Worthington,0,,,
107,Ariel/Sprite/Shadowcat = Kitty Pryde,0,,,
107,Magneto = Erik Magnus,0,,,
107,Phoenix(2) = Rachel Summers,0,,,
107,Rogue = Name Unknown,0,,,
107,Mystique = Name Unknown,0,,,
107,Binary/Ms Marvel = Carol Danvers,0,,,
107,Longshot = (unknown real name),0,,,
107,Dazzler = Alison Blaire,0,,,
107,Psylocke = Elizabeth (Betsy) Braddock,0,,,
107,Moira MacTaggert (scientist helper),0,,,
107,Havok = Alex Summers,0,,,
107,Jubilee = Jubilation Lee,0,,,
107,Forge = Name Unknown,0,,,
107,Gambit = Name Unknown,0,,,
108,Professor X,0,,,
108,Wolverine = Logan,0,,,
108,Cyclops = Scott Summers,0,,,
108,Marvel Girl/Phoenix = Jean Grey,0,,,
108,Storm = Ororo Munroe,0,,,
108,Colossus = Peter (Piotr) Rasputin,0,,,
108,Nightcrawler = Kurt Wagner,0,,,
108,Banshee = Sean Cassidy,0,,,
108,Angel = Warren Worthington,0,,,
108,Ariel/Sprite/Shadowcat = Kitty Pryde,0,,,
108,Magneto = Erik Magnus,0,,,
108,Phoenix(2) = Rachel Summers,0,,,
108,Rogue = Name Unknown,0,,,
108,Mystique = Name Unknown,0,,,
108,Binary/Ms Marvel = Carol Danvers,0,,,
108,Longshot = (unknown real name),0,,,
108,Dazzler = Alison Blaire,0,,,
108,Psylocke = Elizabeth (Betsy) Braddock,0,,,
108,Moira MacTaggert (scientist helper),0,,,
108,Havok = Alex Summers,0,,,
108,Jubilee = Jubilation Lee,0,,,
108,Forge = Name Unknown,0,,,
108,Gambit = Name Unknown,0,,,
109,Professor X,0,,,
109,Wolverine = Logan,0,,,
109,Cyclops = Scott Summers,0,,,
109,Marvel Girl/Phoenix = Jean Grey,0,,,
109,Storm = Ororo Munroe,0,,,
109,Colossus = Peter (Piotr) Rasputin,0,,,
109,Nightcrawler = Kurt Wagner,0,,,
109,Banshee = Sean Cassidy,0,,,
109,Angel = Warren Worthington,0,,,
109,Ariel/Sprite/Shadowcat = Kitty Pryde,0,,,
109,Magneto = Erik Magnus,0,,,
109,Phoenix(2) = Rachel Summers,0,,,
109,Rogue = Name Unknown,0,,,
109,Mystique = Name Unknown,0,,,
109,Binary/Ms Marvel = Carol Danvers,0,,,
109,Longshot = (unknown real name),0,,,
109,Dazzler = Alison Blaire,0,,,
109,Psylocke = Elizabeth (Betsy) Braddock,0,,,
109,Moira MacTaggert (scientist helper),0,,,
109,Havok = Alex Summers,0,,,
109,Jubilee = Jubilation Lee,0,,,
109,Forge = Name Unknown,0,,,
109,Gambit = Name Unknown,0,,,
110,Professor X,0,,,
110,Wolverine = Logan,0,,,
110,Cyclops = Scott Summers,0,,,
110,Marvel Girl/Phoenix = Jean Grey,0,,,
110,Storm = Ororo Munroe,0,,,
110,Colossus = Peter (Piotr) Rasputin,0,,,
110,Nightcrawler = Kurt Wagner,0,,,
110,Banshee = Sean Cassidy,0,,,
110,Angel = Warren Worthington,0,,,
110,Ariel/Sprite/Shadowcat = Kitty Pryde,0,,,
110,Magneto = Erik Magnus,0,,,
110,Phoenix(2) = Rachel Summers,0,,,
110,Rogue = Name Unknown,0,,,
110,Mystique = Name Unknown,0,,,
110,Binary/Ms Marvel = Carol Danvers,0,,,
110,Longshot = (unknown real name),0,,,
110,Dazzler = Alison Blaire,0,,,
110,Psylocke = Elizabeth (Betsy) Braddock,0,,,
110,Moira MacTaggert (scientist helper),0,,,
110,Havok = Alex Summers,0,,,
110,Jubilee = Jubilation Lee,0,,,
110,Forge = Name Unknown,0,,,
110,Gambit = Name Unknown,0,,,
111,Professor X,0,,,
111,Wolverine = Logan,0,,,
111,Cyclops = Scott Summers,0,,,
111,Marvel Girl/Phoenix = Jean Grey,0,,,
111,Storm = Ororo Munroe,0,,,
111,Colossus = Peter (Piotr) Rasputin,0,,,
111,Nightcrawler = Kurt Wagner,0,,,
111,Banshee = Sean Cassidy,0,,,
111,Angel = Warren Worthington,0,,,
111,Ariel/Sprite/Shadowcat = Kitty Pryde,0,,,
111,Magneto = Erik Magnus,0,,,
111,Phoenix(2) = Rachel Summers,0,,,
111,Rogue = Name Unknown,0,,,
111,Mystique = Name Unknown,0,,,
111,Binary/Ms Marvel = Carol Danvers,0,,,
111,Longshot = (unknown real name),0,,,
111,Dazzler = Alison Blaire,0,,,
111,Psylocke = Elizabeth (Betsy) Braddock,0,,,
111,Moira MacTaggert (scientist helper),0,,,
111,Havok = Alex Summers,0,,,
111,Jubilee = Jubilation Lee,0,,,
111,Forge = Name Unknown,0,,,
111,Gambit = Name Unknown,0,,,
112,Professor X,0,,,
112,Wolverine = Logan,0,,,
112,Cyclops = Scott Summers,0,,,
112,Marvel Girl/Phoenix = Jean Grey,0,,,
112,Storm = Ororo Munroe,0,,,
112,Colossus = Peter (Piotr) Rasputin,0,,,
112,Nightcrawler = Kurt Wagner,0,,,
112,Banshee = Sean Cassidy,0,,,
112,Angel = Warren Worthington,0,,,
112,Ariel/Sprite/Shadowcat = Kitty Pryde,0,,,
112,Magneto = Erik Magnus,0,,,
112,Phoenix(2) = Rachel Summers,0,,,
112,Rogue = Name Unknown,0,,,
112,Mystique = Name Unknown,0,,,
112,Binary/Ms Marvel = Carol Danvers,0,,,
112,Longshot = (unknown real name),0,,,
112,Dazzler = Alison Blaire,0,,,
112,Psylocke = Elizabeth (Betsy) Braddock,0,,,
112,Moira MacTaggert (scientist helper),0,,,
112,Havok = Alex Summers,0,,,
112,Jubilee = Jubilation Lee,0,,,
112,Forge = Name Unknown,0,,,
112,Gambit = Name Unknown,0,,,
113,Professor X,0,,,
113,Wolverine = Logan,0,,,
113,Cyclops = Scott Summers,0,,,
113,Marvel Girl/Phoenix = Jean Grey,0,,,
113,Storm = Ororo Munroe,0,,,1
113,Colossus = Peter (Piotr) Rasputin,0,,,
113,Nightcrawler = Kurt Wagner,0,,,
113,Banshee = Sean Cassidy,0,,,
113,Angel = Warren Worthington,0,,,
113,Ariel/Sprite/Shadowcat = Kitty Pryde,0,,,
113,Magneto = Erik Magnus,0,,,
113,Phoenix(2) = Rachel Summers,0,,,
113,Rogue = Name Unknown,0,,,
113,Mystique = Name Unknown,0,,,
113,Binary/Ms Marvel = Carol Danvers,0,,,
113,Longshot = (unknown real name),0,,,
113,Dazzler = Alison Blaire,0,,,
113,Psylocke = Elizabeth (Betsy) Braddock,0,,,
113,Moira MacTaggert (scientist helper),0,,,
113,Havok = Alex Summers,0,,,
113,Jubilee = Jubilation Lee,0,,,
113,Forge = Name Unknown,0,,,
113,Gambit = Name Unknown,0,,,
114,Professor X,0,,,
114,Wolverine = Logan,1,,1,
114,Cyclops = Scott Summers,0,,,
114,Marvel Girl/Phoenix = Jean Grey,0,,,
114,Storm = Ororo Munroe,0,,,
114,Colossus = Peter (Piotr) Rasputin,0,,,
114,Nightcrawler = Kurt Wagner,0,,,
114,Banshee = Sean Cassidy,0,,,
114,Angel = Warren Worthington,0,,,
114,Ariel/Sprite/Shadowcat = Kitty Pryde,0,,,
114,Magneto = Erik Magnus,0,,,
114,Phoenix(2) = Rachel Summers,0,,,
114,Rogue = Name Unknown,0,,,
114,Mystique = Name Unknown,0,,,
114,Binary/Ms Marvel = Carol Danvers,0,,,
114,Longshot = (unknown real name),0,,,
114,Dazzler = Alison Blaire,0,,,
114,Psylocke = Elizabeth (Betsy) Braddock,0,,,
114,Moira MacTaggert (scientist helper),0,,,
114,Havok = Alex Summers,0,,,
114,Jubilee = Jubilation Lee,0,,,
114,Forge = Name Unknown,0,,,
114,Gambit = Name Unknown,0,,,
115,Professor X,0,,,
115,Wolverine = Logan,0,,,
115,Cyclops = Scott Summers,0,,,
115,Marvel Girl/Phoenix = Jean Grey,0,,,
115,Storm = Ororo Munroe,0,,,
115,Colossus = Peter (Piotr) Rasputin,0,,,
115,Nightcrawler = Kurt Wagner,0,,,
115,Banshee = Sean Cassidy,0,,,
115,Angel = Warren Worthington,0,,,
115,Ariel/Sprite/Shadowcat = Kitty Pryde,0,,,
115,Magneto = Erik Magnus,0,,,
115,Phoenix(2) = Rachel Summers,0,,,
115,Rogue = Name Unknown,0,,,
115,Mystique = Name Unknown,0,,,
115,Binary/Ms Marvel = Carol Danvers,0,,,
115,Longshot = (unknown real name),0,,,
115,Dazzler = Alison Blaire,0,,,
115,Psylocke = Elizabeth (Betsy) Braddock,0,,,
115,Moira MacTaggert (scientist helper),0,,,
115,Havok = Alex Summers,0,,,
115,Jubilee = Jubilation Lee,0,,,
115,Forge = Name Unknown,0,,,
115,Gambit = Name Unknown,0,,,
116,Professor X,0,,,
116,Wolverine = Logan,0,,,
116,Cyclops = Scott Summers,0,,,
116,Marvel Girl/Phoenix = Jean Grey,0,,,
116,Storm = Ororo Munroe,0,,,
116,Colossus = Peter (Piotr) Rasputin,0,,,
116,Nightcrawler = Kurt Wagner,0,,,
116,Banshee = Sean Cassidy,0,,,
116,Angel = Warren Worthington,0,,,
116,Ariel/Sprite/Shadowcat = Kitty Pryde,0,,,
116,Magneto = Erik Magnus,0,,,
116,Phoenix(2) = Rachel Summers,0,,,
116,Rogue = Name Unknown,0,,,
116,Mystique = Name Unknown,0,,,
116,Binary/Ms Marvel = Carol Danvers,0,,,
116,Longshot = (unknown real name),0,,,
116,Dazzler = Alison Blaire,0,,,
116,Psylocke = Elizabeth (Betsy) Braddock,0,,,
116,Moira MacTaggert (scientist helper),0,,,
116,Havok = Alex Summers,0,,,
116,Jubilee = Jubilation Lee,0,,,
116,Forge = Name Unknown,0,,,
116,Gambit = Name Unknown,0,,,
117,Professor X,1,1,,
117,Wolverine = Logan,0,,,
117,Cyclops = Scott Summers,0,,,
117,Marvel Girl/Phoenix = Jean Grey,0,,,
117,Storm = Ororo Munroe,0,,,
117,Colossus = Peter (Piotr) Rasputin,0,,,
117,Nightcrawler = Kurt Wagner,0,,,
117,Banshee = Sean Cassidy,0,,,
117,Angel = Warren Worthington,0,,,
117,Ariel/Sprite/Shadowcat = Kitty Pryde,0,,,
117,Magneto = Erik Magnus,0,,,
117,Phoenix(2) = Rachel Summers,0,,,
117,Rogue = Name Unknown,0,,,
117,Mystique = Name Unknown,0,,,
117,Binary/Ms Marvel = Carol Danvers,0,,,
117,Longshot = (unknown real name),0,,,
117,Dazzler = Alison Blaire,0,,,
117,Psylocke = Elizabeth (Betsy) Braddock,0,,,
117,Moira MacTaggert (scientist helper),0,,,
117,Havok = Alex Summers,0,,,
117,Jubilee = Jubilation Lee,0,,,
117,Forge = Name Unknown,0,,,
117,Gambit = Name Unknown,0,,,
118,Professor X,0,,,
118,Wolverine = Logan,0,,,
118,Cyclops = Scott Summers,0,,,
118,Marvel Girl/Phoenix = Jean Grey,0,,,
118,Storm = Ororo Munroe,0,,,
118,Colossus = Peter (Piotr) Rasputin,0,,,
118,Nightcrawler = Kurt Wagner,0,,,
118,Banshee = Sean Cassidy,0,,,
118,Angel = Warren Worthington,0,,,
118,Ariel/Sprite/Shadowcat = Kitty Pryde,0,,,
118,Magneto = Erik Magnus,0,,,
118,Phoenix(2) = Rachel Summers,0,,,
118,Rogue = Name Unknown,0,,,
118,Mystique = Name Unknown,0,,,
118,Binary/Ms Marvel = Carol Danvers,0,,,
118,Longshot = (unknown real name),0,,,
118,Dazzler = Alison Blaire,0,,,
118,Psylocke = Elizabeth (Betsy) Braddock,0,,,
118,Moira MacTaggert (scientist helper),0,,,
118,Havok = Alex Summers,0,,,
118,Jubilee = Jubilation Lee,0,,,
118,Forge = Name Unknown,0,,,
118,Gambit = Name Unknown,0,,,
119,Professor X,0,,,
119,Wolverine = Logan,0,,,
119,Cyclops = Scott Summers,0,,,
119,Marvel Girl/Phoenix = Jean Grey,0,,,
119,Storm = Ororo Munroe,0,,,
119,Colossus = Peter (Piotr) Rasputin,2,,2,
119,Nightcrawler = Kurt Wagner,0,,,
119,Banshee = Sean Cassidy,0,,,
119,Angel = Warren Worthington,0,,,
119,Ariel/Sprite/Shadowcat = Kitty Pryde,0,,,
119,Magneto = Erik Magnus,0,,,
119,Phoenix(2) = Rachel Summers,0,,,
119,Rogue = Name Unknown,0,,,
119,Mystique = Name Unknown,0,,,
119,Binary/Ms Marvel = Carol Danvers,0,,,
119,Longshot = (unknown real name),0,,,
119,Dazzler = Alison Blaire,0,,,
119,Psylocke = Elizabeth (Betsy) Braddock,0,,,
119,Moira MacTaggert (scientist helper),0,,,
119,Havok = Alex Summers,0,,,
119,Jubilee = Jubilation Lee,0,,,
119,Forge = Name Unknown,0,,,
119,Gambit = Name Unknown,0,,,
120,Professor X,0,,,
120,Wolverine = Logan,0,,,
120,Cyclops = Scott Summers,0,,,
120,Marvel Girl/Phoenix = Jean Grey,0,,,
120,Storm = Ororo Munroe,0,,,
120,Colossus = Peter (Piotr) Rasputin,0,,,
120,Nightcrawler = Kurt Wagner,0,,,
120,Banshee = Sean Cassidy,0,,,
120,Angel = Warren Worthington,0,,,
120,Ariel/Sprite/Shadowcat = Kitty Pryde,0,,,
120,Magneto = Erik Magnus,0,,,
120,Phoenix(2) = Rachel Summers,0,,,
120,Rogue = Name Unknown,0,,,
120,Mystique = Name Unknown,0,,,
120,Binary/Ms Marvel = Carol Danvers,0,,,
120,Longshot = (unknown real name),0,,,
120,Dazzler = Alison Blaire,0,,,
120,Psylocke = Elizabeth (Betsy) Braddock,0,,,
120,Moira MacTaggert (scientist helper),0,,,
120,Havok = Alex Summers,0,,,
120,Jubilee = Jubilation Lee,0,,,
120,Forge = Name Unknown,0,,,
120,Gambit = Name Unknown,0,,,
121,Professor X,0,,,
121,Wolverine = Logan,0,,,
121,Cyclops = Scott Summers,0,,,
121,Marvel Girl/Phoenix = Jean Grey,0,,,
121,Storm = Ororo Munroe,0,,,
121,Colossus = Peter (Piotr) Rasputin,0,,,
121,Nightcrawler = Kurt Wagner,0,,,
121,Banshee = Sean Cassidy,0,,,
121,Angel = Warren Worthington,0,,,
121,Ariel/Sprite/Shadowcat = Kitty Pryde,0,,,
121,Magneto = Erik Magnus,0,,,
121,Phoenix(2) = Rachel Summers,0,,,
121,Rogue = Name Unknown,0,,,
121,Mystique = Name Unknown,0,,,
121,Binary/Ms Marvel = Carol Danvers,0,,,
121,Longshot = (unknown real name),0,,,
121,Dazzler = Alison Blaire,0,,,
121,Psylocke = Elizabeth (Betsy) Braddock,0,,,
121,Moira MacTaggert (scientist helper),0,,,
121,Havok = Alex Summers,0,,,
121,Jubilee = Jubilation Lee,0,,,
121,Forge = Name Unknown,0,,,
121,Gambit = Name Unknown,0,,,
122,Professor X,0,,,
122,Wolverine = Logan,0,,,
122,Cyclops = Scott Summers,0,,,
122,Marvel Girl/Phoenix = Jean Grey,0,,,
122,Storm = Ororo Munroe,0,,,
122,Colossus = Peter (Piotr) Rasputin,0,,,
122,Nightcrawler = Kurt Wagner,0,,,
122,Banshee = Sean Cassidy,0,,,
122,Angel = Warren Worthington,0,,,
122,Ariel/Sprite/Shadowcat = Kitty Pryde,0,,,
122,Magneto = Erik Magnus,0,,,
122,Phoenix(2) = Rachel Summers,0,,,
122,Rogue = Name Unknown,0,,,
122,Mystique = Name Unknown,0,,,
122,Binary/Ms Marvel = Carol Danvers,0,,,
122,Longshot = (unknown real name),0,,,
122,Dazzler = Alison Blaire,0,,,
122,Psylocke = Elizabeth (Betsy) Braddock,0,,,
122,Moira MacTaggert (scientist helper),0,,,
122,Havok = Alex Summers,0,,,
122,Jubilee = Jubilation Lee,0,,,
122,Forge = Name Unknown,0,,,
122,Gambit = Name Unknown,0,,,
124,Professor X,0,,,
124,Wolverine = Logan,0,,,
124,Cyclops = Scott Summers,0,,,
124,Marvel Girl/Phoenix = Jean Grey,0,,,
124,Storm = Ororo Munroe,0,,,1
124,Colossus = Peter (Piotr) Rasputin,0,,,
124,Nightcrawler = Kurt Wagner,0,,,
124,Banshee = Sean Cassidy,0,,,
124,Angel = Warren Worthington,0,,,
124,Ariel/Sprite/Shadowcat = Kitty Pryde,0,,,
124,Magneto = Erik Magnus,0,,,
124,Phoenix(2) = Rachel Summers,0,,,
124,Rogue = Name Unknown,0,,,
124,Mystique = Name Unknown,0,,,
124,Binary/Ms Marvel = Carol Danvers,0,,,
124,Longshot = (unknown real name),0,,,
124,Dazzler = Alison Blaire,0,,,
124,Psylocke = Elizabeth (Betsy) Braddock,0,,,
124,Moira MacTaggert (scientist helper),0,,,
124,Havok = Alex Summers,0,,,
124,Jubilee = Jubilation Lee,0,,,
124,Forge = Name Unknown,0,,,
124,Gambit = Name Unknown,0,,,
125,Professor X,0,,,
125,Wolverine = Logan,0,,,
125,Cyclops = Scott Summers,0,,,
125,Marvel Girl/Phoenix = Jean Grey,0,,,
125,Storm = Ororo Munroe,0,,,
125,Colossus = Peter (Piotr) Rasputin,0,,,
125,Nightcrawler = Kurt Wagner,0,,,
125,Banshee = Sean Cassidy,0,,,
125,Angel = Warren Worthington,0,,,
125,Ariel/Sprite/Shadowcat = Kitty Pryde,0,,,
125,Magneto = Erik Magnus,0,,,
125,Phoenix(2) = Rachel Summers,0,,,
125,Rogue = Name Unknown,0,,,
125,Mystique = Name Unknown,0,,,
125,Binary/Ms Marvel = Carol Danvers,0,,,
125,Longshot = (unknown real name),0,,,
125,Dazzler = Alison Blaire,0,,,
125,Psylocke = Elizabeth (Betsy) Braddock,0,,,
125,Moira MacTaggert (scientist helper),0,,,
125,Havok = Alex Summers,0,,,
125,Jubilee = Jubilation Lee,0,,,
125,Forge = Name Unknown,0,,,
125,Gambit = Name Unknown,0,,,
126,Professor X,0,,,
126,Wolverine = Logan,0,,,
126,Cyclops = Scott Summers,0,,,
126,Marvel Girl/Phoenix = Jean Grey,0,,,
126,Storm = Ororo Munroe,0,,,
126,Colossus = Peter (Piotr) Rasputin,0,,,
126,Nightcrawler = Kurt Wagner,0,,,
126,Banshee = Sean Cassidy,0,,,
126,Angel = Warren Worthington,0,,,
126,Ariel/Sprite/Shadowcat = Kitty Pryde,0,,,
126,Magneto = Erik Magnus,0,,,
126,Phoenix(2) = Rachel Summers,0,,,
126,Rogue = Name Unknown,0,,,
126,Mystique = Name Unknown,0,,,
126,Binary/Ms Marvel = Carol Danvers,0,,,
126,Longshot = (unknown real name),0,,,
126,Dazzler = Alison Blaire,0,,,
126,Psylocke = Elizabeth (Betsy) Braddock,0,,,
126,Moira MacTaggert (scientist helper),0,,,
126,Havok = Alex Summers,0,,,
126,Jubilee = Jubilation Lee,0,,,
126,Forge = Name Unknown,0,,,
126,Gambit = Name Unknown,0,,,
127,Professor X,0,,,
127,Wolverine = Logan,0,,,
127,Cyclops = Scott Summers,0,,,
127,Marvel Girl/Phoenix = Jean Grey,0,,,
127,Storm = Ororo Munroe,0,,,
127,Colossus = Peter (Piotr) Rasputin,0,,,
127,Nightcrawler = Kurt Wagner,0,,,
127,Banshee = Sean Cassidy,0,,,
127,Angel = Warren Worthington,0,,,
127,Ariel/Sprite/Shadowcat = Kitty Pryde,0,,,
127,Magneto = Erik Magnus,0,,,
127,Phoenix(2) = Rachel Summers,0,,,
127,Rogue = Name Unknown,0,,,
127,Mystique = Name Unknown,0,,,
127,Binary/Ms Marvel = Carol Danvers,0,,,
127,Longshot = (unknown real name),0,,,
127,Dazzler = Alison Blaire,0,,,
127,Psylocke = Elizabeth (Betsy) Braddock,0,,,
127,Moira MacTaggert (scientist helper),0,,,
127,Havok = Alex Summers,0,,,
127,Jubilee = Jubilation Lee,0,,,
127,Forge = Name Unknown,0,,,
127,Gambit = Name Unknown,0,,,
128,Professor X,0,,,
128,Wolverine = Logan,0,,,
128,Cyclops = Scott Summers,0,,,
128,Marvel Girl/Phoenix = Jean Grey,0,,,
128,Storm = Ororo Munroe,0,,,
128,Colossus = Peter (Piotr) Rasputin,1,1,,
128,Nightcrawler = Kurt Wagner,0,,,
128,Banshee = Sean Cassidy,0,,,
128,Angel = Warren Worthington,0,,,
128,Ariel/Sprite/Shadowcat = Kitty Pryde,0,,,
128,Magneto = Erik Magnus,0,,,
128,Phoenix(2) = Rachel Summers,0,,,
128,Rogue = Name Unknown,0,,,
128,Mystique = Name Unknown,0,,,
128,Binary/Ms Marvel = Carol Danvers,0,,,
128,Longshot = (unknown real name),0,,,
128,Dazzler = Alison Blaire,0,,,
128,Psylocke = Elizabeth (Betsy) Braddock,0,,,
128,Moira MacTaggert (scientist helper),0,,,
128,Havok = Alex Summers,0,,,
128,Jubilee = Jubilation Lee,0,,,
128,Forge = Name Unknown,0,,,
128,Gambit = Name Unknown,0,,,
129,Professor X,0,,,
129,Wolverine = Logan,0,,,
129,Cyclops = Scott Summers,0,,,
129,Marvel Girl/Phoenix = Jean Grey,0,,,
129,Storm = Ororo Munroe,0,,,
129,Colossus = Peter (Piotr) Rasputin,0,,,
129,Nightcrawler = Kurt Wagner,0,,,
129,Banshee = Sean Cassidy,0,,,
129,Angel = Warren Worthington,0,,,
129,Ariel/Sprite/Shadowcat = Kitty Pryde,0,,,
129,Magneto = Erik Magnus,0,,,
129,Phoenix(2) = Rachel Summers,0,,,
129,Rogue = Name Unknown,0,,,
129,Mystique = Name Unknown,0,,,
129,Binary/Ms Marvel = Carol Danvers,0,,,
129,Longshot = (unknown real name),0,,,
129,Dazzler = Alison Blaire,0,,,
129,Psylocke = Elizabeth (Betsy) Braddock,0,,,
129,Moira MacTaggert (scientist helper),0,,,
129,Havok = Alex Summers,0,,,
129,Jubilee = Jubilation Lee,0,,,
129,Forge = Name Unknown,0,,,
129,Gambit = Name Unknown,0,,,
130,Professor X,0,,,
130,Wolverine = Logan,0,,,
130,Cyclops = Scott Summers,0,,,
130,Marvel Girl/Phoenix = Jean Grey,0,,,
130,Storm = Ororo Munroe,0,,,
130,Colossus = Peter (Piotr) Rasputin,0,,,
130,Nightcrawler = Kurt Wagner,0,,,
130,Banshee = Sean Cassidy,0,,,
130,Angel = Warren Worthington,0,,,
130,Ariel/Sprite/Shadowcat = Kitty Pryde,0,,,
130,Magneto = Erik Magnus,0,,,
130,Phoenix(2) = Rachel Summers,0,,,
130,Rogue = Name Unknown,0,,,
130,Mystique = Name Unknown,0,,,
130,Binary/Ms Marvel = Carol Danvers,0,,,
130,Longshot = (unknown real name),0,,,
130,Dazzler = Alison Blaire,0,,,
130,Psylocke = Elizabeth (Betsy) Braddock,0,,,
130,Moira MacTaggert (scientist helper),0,,,
130,Havok = Alex Summers,0,,,
130,Jubilee = Jubilation Lee,0,,,
130,Forge = Name Unknown,0,,,
130,Gambit = Name Unknown,0,,,
131,Professor X,0,,,
131,Wolverine = Logan,0,,,
131,Cyclops = Scott Summers,0,,,
131,Marvel Girl/Phoenix = Jean Grey,0,,,
131,Storm = Ororo Munroe,0,,,1
131,Colossus = Peter (Piotr) Rasputin,0,,,
131,Nightcrawler = Kurt Wagner,0,,,
131,Banshee = Sean Cassidy,0,,,
131,Angel = Warren Worthington,0,,,
131,Ariel/Sprite/Shadowcat = Kitty Pryde,0,,,1
131,Magneto = Erik Magnus,0,,,
131,Phoenix(2) = Rachel Summers,0,,,
131,Rogue = Name Unknown,0,,,
131,Mystique = Name Unknown,0,,,
131,Binary/Ms Marvel = Carol Danvers,0,,,
131,Longshot = (unknown real name),0,,,
131,Dazzler = Alison Blaire,0,,,
131,Psylocke = Elizabeth (Betsy) Braddock,0,,,
131,Moira MacTaggert (scientist helper),0,,,
131,Havok = Alex Summers,0,,,
131,Jubilee = Jubilation Lee,0,,,
131,Forge = Name Unknown,0,,,
131,Gambit = Name Unknown,0,,,
132,Professor X,0,,,
132,Wolverine = Logan,0,,,
132,Cyclops = Scott Summers,0,,,
132,Marvel Girl/Phoenix = Jean Grey,0,,,
132,Storm = Ororo Munroe,0,,,
132,Colossus = Peter (Piotr) Rasputin,0,,,
132,Nightcrawler = Kurt Wagner,0,,,
132,Banshee = Sean Cassidy,0,,,
132,Angel = Warren Worthington,0,,,
132,Ariel/Sprite/Shadowcat = Kitty Pryde,0,,,
132,Magneto = Erik Magnus,0,,,
132,Phoenix(2) = Rachel Summers,0,,,
132,Rogue = Name Unknown,0,,,
132,Mystique = Name Unknown,0,,,
132,Binary/Ms Marvel = Carol Danvers,0,,,
132,Longshot = (unknown real name),0,,,
132,Dazzler = Alison Blaire,0,,,
132,Psylocke = Elizabeth (Betsy) Braddock,0,,,
132,Moira MacTaggert (scientist helper),0,,,
132,Havok = Alex Summers,0,,,
132,Jubilee = Jubilation Lee,0,,,
132,Forge = Name Unknown,0,,,
132,Gambit = Name Unknown,0,,,
133,Professor X,0,,,
133,Wolverine = Logan,1,1,,
133,Cyclops = Scott Summers,0,,,
133,Marvel Girl/Phoenix = Jean Grey,0,,,
133,Storm = Ororo Munroe,0,,,
133,Colossus = Peter (Piotr) Rasputin,0,,,
133,Nightcrawler = Kurt Wagner,0,,,
133,Banshee = Sean Cassidy,0,,,
133,Angel = Warren Worthington,0,,,
133,Ariel/Sprite/Shadowcat = Kitty Pryde,0,,,
133,Magneto = Erik Magnus,0,,,
133,Phoenix(2) = Rachel Summers,0,,,
133,Rogue = Name Unknown,0,,,
133,Mystique = Name Unknown,0,,,
133,Binary/Ms Marvel = Carol Danvers,0,,,
133,Longshot = (unknown real name),0,,,
133,Dazzler = Alison Blaire,0,,,
133,Psylocke = Elizabeth (Betsy) Braddock,0,,,
133,Moira MacTaggert (scientist helper),0,,,
133,Havok = Alex Summers,0,,,
133,Jubilee = Jubilation Lee,0,,,
133,Forge = Name Unknown,0,,,
133,Gambit = Name Unknown,0,,,
134,Professor X,0,,,
134,Wolverine = Logan,1,1,,
134,Cyclops = Scott Summers,0,,,
134,Marvel Girl/Phoenix = Jean Grey,0,,,
134,Storm = Ororo Munroe,0,,,
134,Colossus = Peter (Piotr) Rasputin,0,,,
134,Nightcrawler = Kurt Wagner,0,,,
134,Banshee = Sean Cassidy,0,,,
134,Angel = Warren Worthington,0,,,
134,Ariel/Sprite/Shadowcat = Kitty Pryde,0,,,
134,Magneto = Erik Magnus,0,,,
134,Phoenix(2) = Rachel Summers,0,,,
134,Rogue = Name Unknown,0,,,
134,Mystique = Name Unknown,0,,,
134,Binary/Ms Marvel = Carol Danvers,0,,,
134,Longshot = (unknown real name),0,,,
134,Dazzler = Alison Blaire,0,,,
134,Psylocke = Elizabeth (Betsy) Braddock,0,,,
134,Moira MacTaggert (scientist helper),0,,,
134,Havok = Alex Summers,0,,,
134,Jubilee = Jubilation Lee,0,,,
134,Forge = Name Unknown,0,,,
134,Gambit = Name Unknown,0,,,
135,Professor X,0,,,
135,Wolverine = Logan,0,,,
135,Cyclops = Scott Summers,0,,,
135,Marvel Girl/Phoenix = Jean Grey,5000000004,,5000000004,
135,Storm = Ororo Munroe,0,,,
135,Colossus = Peter (Piotr) Rasputin,0,,,
135,Nightcrawler = Kurt Wagner,0,,,
135,Banshee = Sean Cassidy,0,,,
135,Angel = Warren Worthington,0,,,
135,Ariel/Sprite/Shadowcat = Kitty Pryde,0,,,
135,Magneto = Erik Magnus,0,,,
135,Phoenix(2) = Rachel Summers,0,,,
135,Rogue = Name Unknown,0,,,
135,Mystique = Name Unknown,0,,,
135,Binary/Ms Marvel = Carol Danvers,0,,,
135,Longshot = (unknown real name),0,,,
135,Dazzler = Alison Blaire,0,,,
135,Psylocke = Elizabeth (Betsy) Braddock,0,,,
135,Moira MacTaggert (scientist helper),0,,,
135,Havok = Alex Summers,0,,,
135,Jubilee = Jubilation Lee,0,,,
135,Forge = Name Unknown,0,,,
135,Gambit = Name Unknown,0,,,
136,Professor X,0,,,1
136,Wolverine = Logan,0,,,
136,Cyclops = Scott Summers,0,,,
136,Marvel Girl/Phoenix = Jean Grey,0,,,1
136,Storm = Ororo Munroe,0,,,
136,Colossus = Peter (Piotr) Rasputin,0,,,
136,Nightcrawler = Kurt Wagner,0,,,
136,Banshee = Sean Cassidy,0,,,
136,Angel = Warren Worthington,0,,,
136,Ariel/Sprite/Shadowcat = Kitty Pryde,0,,,
136,Magneto = Erik Magnus,0,,,
136,Phoenix(2) = Rachel Summers,0,,,
136,Rogue = Name Unknown,0,,,
136,Mystique = Name Unknown,0,,,
136,Binary/Ms Marvel = Carol Danvers,0,,,
136,Longshot = (unknown real name),0,,,
136,Dazzler = Alison Blaire,0,,,
136,Psylocke = Elizabeth (Betsy) Braddock,0,,,
136,Moira MacTaggert (scientist helper),0,,,
136,Havok = Alex Summers,0,,,
136,Jubilee = Jubilation Lee,0,,,
136,Forge = Name Unknown,0,,,
136,Gambit = Name Unknown,0,,,
137,Professor X,0,,,
137,Wolverine = Logan,0,,,
137,Cyclops = Scott Summers,0,,,
137,Marvel Girl/Phoenix = Jean Grey,0,,,2
137,Storm = Ororo Munroe,0,,,
137,Colossus = Peter (Piotr) Rasputin,0,,,
137,Nightcrawler = Kurt Wagner,0,,,
137,Banshee = Sean Cassidy,0,,,
137,Angel = Warren Worthington,0,,,
137,Ariel/Sprite/Shadowcat = Kitty Pryde,0,,,
137,Magneto = Erik Magnus,0,,,
137,Phoenix(2) = Rachel Summers,0,,,
137,Rogue = Name Unknown,0,,,
137,Mystique = Name Unknown,0,,,
137,Binary/Ms Marvel = Carol Danvers,0,,,
137,Longshot = (unknown real name),0,,,
137,Dazzler = Alison Blaire,0,,,
137,Psylocke = Elizabeth (Betsy) Braddock,0,,,
137,Moira MacTaggert (scientist helper),0,,,
137,Havok = Alex Summers,0,,,
137,Jubilee = Jubilation Lee,0,,,
137,Forge = Name Unknown,0,,,
137,Gambit = Name Unknown,0,,,
138,Professor X,0,,,
138,Wolverine = Logan,0,,,
138,Cyclops = Scott Summers,0,,,
138,Marvel Girl/Phoenix = Jean Grey,0,,,
138,Storm = Ororo Munroe,0,,,
138,Colossus = Peter (Piotr) Rasputin,0,,,
138,Nightcrawler = Kurt Wagner,0,,,
138,Banshee = Sean Cassidy,0,,,
138,Angel = Warren Worthington,0,,,
138,Ariel/Sprite/Shadowcat = Kitty Pryde,0,,,
138,Magneto = Erik Magnus,0,,,
138,Phoenix(2) = Rachel Summers,0,,,
138,Rogue = Name Unknown,0,,,
138,Mystique = Name Unknown,0,,,
138,Binary/Ms Marvel = Carol Danvers,0,,,
138,Longshot = (unknown real name),0,,,
138,Dazzler = Alison Blaire,0,,,
138,Psylocke = Elizabeth (Betsy) Braddock,0,,,
138,Moira MacTaggert (scientist helper),0,,,
138,Havok = Alex Summers,0,,,
138,Jubilee = Jubilation Lee,0,,,
138,Forge = Name Unknown,0,,,
138,Gambit = Name Unknown,0,,,
139,Professor X,0,,,
139,Wolverine = Logan,0,,,
139,Cyclops = Scott Summers,0,,,
139,Marvel Girl/Phoenix = Jean Grey,0,,,
139,Storm = Ororo Munroe,0,,,
139,Colossus = Peter (Piotr) Rasputin,0,,,
139,Nightcrawler = Kurt Wagner,0,,,
139,Banshee = Sean Cassidy,0,,,
139,Angel = Warren Worthington,0,,,
139,Ariel/Sprite/Shadowcat = Kitty Pryde,0,,,
139,Magneto = Erik Magnus,0,,,
139,Phoenix(2) = Rachel Summers,0,,,
139,Rogue = Name Unknown,0,,,
139,Mystique = Name Unknown,0,,,
139,Binary/Ms Marvel = Carol Danvers,0,,,
139,Longshot = (unknown real name),0,,,
139,Dazzler = Alison Blaire,0,,,
139,Psylocke = Elizabeth (Betsy) Braddock,0,,,
139,Moira MacTaggert (scientist helper),0,,,
139,Havok = Alex Summers,0,,,
139,Jubilee = Jubilation Lee,0,,,
139,Forge = Name Unknown,0,,,
139,Gambit = Name Unknown,0,,,
140,Professor X,0,,,
140,Wolverine = Logan,0,,,
140,Cyclops = Scott Summers,0,,,
140,Marvel Girl/Phoenix = Jean Grey,0,,,
140,Storm = Ororo Munroe,0,,,
140,Colossus = Peter (Piotr) Rasputin,0,,,
140,Nightcrawler = Kurt Wagner,0,,,
140,Banshee = Sean Cassidy,0,,,
140,Angel = Warren Worthington,0,,,
140,Ariel/Sprite/Shadowcat = Kitty Pryde,0,,,
140,Magneto = Erik Magnus,0,,,
140,Phoenix(2) = Rachel Summers,0,,,
140,Rogue = Name Unknown,0,,,
140,Mystique = Name Unknown,0,,,
140,Binary/Ms Marvel = Carol Danvers,0,,,
140,Longshot = (unknown real name),0,,,
140,Dazzler = Alison Blaire,0,,,
140,Psylocke = Elizabeth (Betsy) Braddock,0,,,
140,Moira MacTaggert (scientist helper),0,,,
140,Havok = Alex Summers,0,,,
140,Jubilee = Jubilation Lee,0,,,
140,Forge = Name Unknown,0,,,
140,Gambit = Name Unknown,0,,,
141,Professor X,0,,,
141,Wolverine = Logan,0,,,
141,Cyclops = Scott Summers,0,,,
141,Marvel Girl/Phoenix = Jean Grey,1,,1,
141,Storm = Ororo Munroe,0,,,
141,Colossus = Peter (Piotr) Rasputin,0,,,
141,Nightcrawler = Kurt Wagner,0,,,
141,Banshee = Sean Cassidy,0,,,
141,Angel = Warren Worthington,0,,,
141,Ariel/Sprite/Shadowcat = Kitty Pryde,0,,,
141,Magneto = Erik Magnus,0,,,
141,Phoenix(2) = Rachel Summers,0,,,
141,Rogue = Name Unknown,0,,,
141,Mystique = Name Unknown,0,,,
141,Binary/Ms Marvel = Carol Danvers,0,,,
141,Longshot = (unknown real name),0,,,
141,Dazzler = Alison Blaire,0,,,
141,Psylocke = Elizabeth (Betsy) Braddock,0,,,
141,Moira MacTaggert (scientist helper),0,,,
141,Havok = Alex Summers,0,,,
141,Jubilee = Jubilation Lee,0,,,
141,Forge = Name Unknown,0,,,
141,Gambit = Name Unknown,0,,,
142,Professor X,0,,,
142,Wolverine = Logan,0,,,
142,Cyclops = Scott Summers,0,,,
142,Marvel Girl/Phoenix = Jean Grey,0,,,
142,Storm = Ororo Munroe,2,,2,
142,Colossus = Peter (Piotr) Rasputin,0,,,
142,Nightcrawler = Kurt Wagner,0,,,
142,Banshee = Sean Cassidy,0,,,
142,Angel = Warren Worthington,0,,,
142,Ariel/Sprite/Shadowcat = Kitty Pryde,0,,,
142,Magneto = Erik Magnus,0,,,
142,Phoenix(2) = Rachel Summers,0,,,
142,Rogue = Name Unknown,0,,,
142,Mystique = Name Unknown,0,,,
142,Binary/Ms Marvel = Carol Danvers,0,,,
142,Longshot = (unknown real name),0,,,
142,Dazzler = Alison Blaire,0,,,
142,Psylocke = Elizabeth (Betsy) Braddock,0,,,
142,Moira MacTaggert (scientist helper),0,,,
142,Havok = Alex Summers,0,,,
142,Jubilee = Jubilation Lee,0,,,
142,Forge = Name Unknown,0,,,
142,Gambit = Name Unknown,0,,,
143,Professor X,0,,,
143,Wolverine = Logan,0,,,
143,Cyclops = Scott Summers,0,,,
143,Marvel Girl/Phoenix = Jean Grey,0,,,
143,Storm = Ororo Munroe,0,,,
143,Colossus = Peter (Piotr) Rasputin,0,,,
143,Nightcrawler = Kurt Wagner,0,,,
143,Banshee = Sean Cassidy,0,,,
143,Angel = Warren Worthington,0,,,
143,Ariel/Sprite/Shadowcat = Kitty Pryde,1,,1,
143,Magneto = Erik Magnus,0,,,
143,Phoenix(2) = Rachel Summers,0,,,
143,Rogue = Name Unknown,0,,,
143,Mystique = Name Unknown,0,,,
143,Binary/Ms Marvel = Carol Danvers,0,,,
143,Longshot = (unknown real name),0,,,
143,Dazzler = Alison Blaire,0,,,
143,Psylocke = Elizabeth (Betsy) Braddock,0,,,
143,Moira MacTaggert (scientist helper),0,,,
143,Havok = Alex Summers,0,,,
143,Jubilee = Jubilation Lee,0,,,
143,Forge = Name Unknown,0,,,
143,Gambit = Name Unknown,0,,,
144,Professor X,0,,,
144,Wolverine = Logan,0,,,
144,Cyclops = Scott Summers,3,1,2,
144,Marvel Girl/Phoenix = Jean Grey,0,,,
144,Storm = Ororo Munroe,0,,,
144,Colossus = Peter (Piotr) Rasputin,0,,,
144,Nightcrawler = Kurt Wagner,0,,,
144,Banshee = Sean Cassidy,0,,,
144,Angel = Warren Worthington,0,,,
144,Ariel/Sprite/Shadowcat = Kitty Pryde,0,,,
144,Magneto = Erik Magnus,0,,,
144,Phoenix(2) = Rachel Summers,0,,,
144,Rogue = Name Unknown,0,,,
144,Mystique = Name Unknown,0,,,
144,Binary/Ms Marvel = Carol Danvers,0,,,
144,Longshot = (unknown real name),0,,,
144,Dazzler = Alison Blaire,0,,,
144,Psylocke = Elizabeth (Betsy) Braddock,0,,,
144,Moira MacTaggert (scientist helper),0,,,
144,Havok = Alex Summers,0,,,
144,Jubilee = Jubilation Lee,0,,,
144,Forge = Name Unknown,0,,,
144,Gambit = Name Unknown,0,,,
145,Professor X,0,,,
145,Wolverine = Logan,0,,,
145,Cyclops = Scott Summers,0,,,
145,Marvel Girl/Phoenix = Jean Grey,0,,,
145,Storm = Ororo Munroe,0,,,
145,Colossus = Peter (Piotr) Rasputin,0,,,
145,Nightcrawler = Kurt Wagner,0,,,
145,Banshee = Sean Cassidy,0,,,
145,Angel = Warren Worthington,0,,,
145,Ariel/Sprite/Shadowcat = Kitty Pryde,0,,,
145,Magneto = Erik Magnus,0,,,
145,Phoenix(2) = Rachel Summers,0,,,
145,Rogue = Name Unknown,0,,,
145,Mystique = Name Unknown,0,,,
145,Binary/Ms Marvel = Carol Danvers,0,,,
145,Longshot = (unknown real name),0,,,
145,Dazzler = Alison Blaire,0,,,
145,Psylocke = Elizabeth (Betsy) Braddock,0,,,
145,Moira MacTaggert (scientist helper),0,,,
145,Havok = Alex Summers,0,,,
145,Jubilee = Jubilation Lee,0,,,
145,Forge = Name Unknown,0,,,
145,Gambit = Name Unknown,0,,,
146,Professor X,0,,,
146,Wolverine = Logan,0,,,
146,Cyclops = Scott Summers,0,,,
146,Marvel Girl/Phoenix = Jean Grey,0,,,
146,Storm = Ororo Munroe,0,,,
146,Colossus = Peter (Piotr) Rasputin,0,,,
146,Nightcrawler = Kurt Wagner,0,,,
146,Banshee = Sean Cassidy,1,,1,
146,Angel = Warren Worthington,0,,,
146,Ariel/Sprite/Shadowcat = Kitty Pryde,0,,,
146,Magneto = Erik Magnus,0,,,
146,Phoenix(2) = Rachel Summers,0,,,
146,Rogue = Name Unknown,0,,,
146,Mystique = Name Unknown,0,,,
146,Binary/Ms Marvel = Carol Danvers,0,,,
146,Longshot = (unknown real name),0,,,
146,Dazzler = Alison Blaire,0,,,
146,Psylocke = Elizabeth (Betsy) Braddock,0,,,
146,Moira MacTaggert (scientist helper),0,,,
146,Havok = Alex Summers,0,,,
146,Jubilee = Jubilation Lee,0,,,
146,Forge = Name Unknown,0,,,
146,Gambit = Name Unknown,0,,,
147,Professor X,0,,,
147,Wolverine = Logan,0,,,
147,Cyclops = Scott Summers,0,,,
147,Marvel Girl/Phoenix = Jean Grey,0,,,
147,Storm = Ororo Munroe,0,,,
147,Colossus = Peter (Piotr) Rasputin,0,,,
147,Nightcrawler = Kurt Wagner,0,,,
147,Banshee = Sean Cassidy,0,,,
147,Angel = Warren Worthington,0,,,
147,Ariel/Sprite/Shadowcat = Kitty Pryde,0,,,
147,Magneto = Erik Magnus,0,,,
147,Phoenix(2) = Rachel Summers,0,,,
147,Rogue = Name Unknown,0,,,
147,Mystique = Name Unknown,0,,,
147,Binary/Ms Marvel = Carol Danvers,0,,,
147,Longshot = (unknown real name),0,,,
147,Dazzler = Alison Blaire,0,,,
147,Psylocke = Elizabeth (Betsy) Braddock,0,,,
147,Moira MacTaggert (scientist helper),0,,,
147,Havok = Alex Summers,0,,,
147,Jubilee = Jubilation Lee,0,,,
147,Forge = Name Unknown,0,,,
147,Gambit = Name Unknown,0,,,
148,Professor X,0,,,
148,Wolverine = Logan,0,,,
148,Cyclops = Scott Summers,0,,,
148,Marvel Girl/Phoenix = Jean Grey,0,,,
148,Storm = Ororo Munroe,0,,,
148,Colossus = Peter (Piotr) Rasputin,0,,,
148,Nightcrawler = Kurt Wagner,0,,,
148,Banshee = Sean Cassidy,0,,,
148,Angel = Warren Worthington,0,,,
148,Ariel/Sprite/Shadowcat = Kitty Pryde,0,,,
148,Magneto = Erik Magnus,0,,,
148,Phoenix(2) = Rachel Summers,0,,,
148,Rogue = Name Unknown,0,,,
148,Mystique = Name Unknown,0,,,
148,Binary/Ms Marvel = Carol Danvers,0,,,
148,Longshot = (unknown real name),0,,,
148,Dazzler = Alison Blaire,0,,,
148,Psylocke = Elizabeth (Betsy) Braddock,0,,,
148,Moira MacTaggert (scientist helper),0,,,
148,Havok = Alex Summers,0,,,
148,Jubilee = Jubilation Lee,0,,,
148,Forge = Name Unknown,0,,,
148,Gambit = Name Unknown,0,,,
149,Professor X,0,,,
149,Wolverine = Logan,0,,,
149,Cyclops = Scott Summers,0,,,
149,Marvel Girl/Phoenix = Jean Grey,0,,,
149,Storm = Ororo Munroe,0,,,
149,Colossus = Peter (Piotr) Rasputin,0,,,
149,Nightcrawler = Kurt Wagner,0,,,
149,Banshee = Sean Cassidy,0,,,
149,Angel = Warren Worthington,0,,,
149,Ariel/Sprite/Shadowcat = Kitty Pryde,0,,,1
149,Magneto = Erik Magnus,0,,,
149,Phoenix(2) = Rachel Summers,0,,,
149,Rogue = Name Unknown,0,,,
149,Mystique = Name Unknown,0,,,
149,Binary/Ms Marvel = Carol Danvers,0,,,
149,Longshot = (unknown real name),0,,,
149,Dazzler = Alison Blaire,0,,,
149,Psylocke = Elizabeth (Betsy) Braddock,0,,,
149,Moira MacTaggert (scientist helper),0,,,
149,Havok = Alex Summers,0,,,
149,Jubilee = Jubilation Lee,0,,,
149,Forge = Name Unknown,0,,,
149,Gambit = Name Unknown,0,,,