100,Professor X,,,,,,,,,,,,,,,,,,,,,,,,,,,,,,,,
100,Wolverine = Logan,,,,,,,,,,,1,,,,,,,,,,Jean Grey,,,,,,,,,,,
100,Cyclops = Scott Summers,1,,,,,,,,,,,1,,,,,,Robot*,,Jean Grey,"Banshee, Nightcrawler",,,,,,,,,,,* The robot is impersonating Angel
100,Marvel Girl/Phoenix = Jean Grey,,,,,,,,,,,,1,,,,,,,,"Cyclops, Storm","Dr. Peter Corbeau, Wolverine",,,,,,,,,2,1,
100,Storm = Ororo Munroe,,,,,,,,,,,,,1,,,,,,,Jean Grey,,,,,,,,,,1,1,
100,Colossus = Peter (Piotr) Rasputin,,,,,,,,,,,,,,,,,,,,,,,,,,,,,,,,
100,Nightcrawler = Kurt Wagner,1,,,,,,,,,,,,,,,,,,,,Cyclops,,,,,,,,,1,1,
100,Banshee = Sean Cassidy,,,,,,,,,,,,,,,,,,,,,Cyclops,,,,,,,,,,,
100,Angel = Warren Worthington,,,,,,,,,,,,,,,,,,,,,,,,,,,,,,,,
100,Ariel/Sprite/Shadowcat = Kitty Pryde,,,,,,,,,,,,,,,,,,,,,,,,,,,,,,,,
100,Magneto = Erik Magnus,,,,,,,,,,,,,,,,,,,,,,,,,,,,,,,,
100,Phoenix(2) = Rachel Summers,,,,,,,,,,,,,,,,,,,,,,,,,,,,,,,,
100,Rogue = Name Unknown,,,,,,,,,,,,,,,,,,,,,,,,,,,,,,,,
100,Mystique = Name Unknown,,,,,,,,,,,,,,,,,,,,,,,,,,,,,,,,
100,Binary/Ms Marvel = Carol Danvers,,,,,,,,,,,,,,,,,,,,,,,,,,,,,,,,
100,Longshot = (unknown real name),,,,,,,,,,,,,,,,,,,,,,,,,,,,,,,,
100,Dazzler = Alison Blaire,,,,,,,,,,,,,,,,,,,,,,,,,,,,,,,,
100,Psylocke = Elizabeth (Betsy) Braddock,,,,,,,,,,,,,,,,,,,,,,,,,,,,,,,,
100,Moira MacTaggert (scientist helper),,,,,,,,,,,,,,,,,,,,,,,,,,,,,,,,
100,Havok = Alex Summers,,,,,,,,,,,,,,,,,,,,,,,,,,,,,,,,
100,Jubilee = Jubilation Lee,,,,,,,,,,,,,,,,,,,,,,,,,,,,,,,,
100,Forge = Name Unknown,,,,,,,,,,,,,,,,,,,,,,,,,,,,,,,,
100,Gambit = Name Unknown,,,,,,,,,,,,,,,,,,,,,,,,,,,,,,,,
101,Professor X,,,,,,,,,,,,,,,,,,,,,,"Storm, Banshee",,,,,,,,,,
101,Wolverine = Logan,,,,,,,,,,,,,,,,,,,,,,,,,,,,,,,,
101,Cyclops = Scott Summers,,,,,,,,,,,,,,,,,,,,,Jean Grey,Jean Grey,,,,,,,,,,
101,Marvel Girl/Phoenix = Jean Grey,1,,,,,,,,,,,,,,,,,,,,Cyclops,Cyclops,,,,,,,,,,
101,Storm = Ororo Munroe,,,,,,,,,,,,,,,,,,,"Nightcrawler, Colossus",Colossus,,Prof. Xavier,,,,,3,,,,,
101,Colossus = Peter (Piotr) Rasputin,,,,,,,,,,,,,,,,,,,Storm,Storm,,,,,,,,,,,,
101,Nightcrawler = Kurt Wagner,,,,,,,,,,,,,,,,,,,Storm,,,,,,,,,,,,,
101,Banshee = Sean Cassidy,,,,,,,,,,,,,,,,Moira McTaggert,,,,Moira McTaggert,,Prof. Xavier,,,,,,,,,,
101,Angel = Warren Worthington,,,,,,,,,,,,,,,,,,,,,,,,,,,,,,,,
101,Ariel/Sprite/Shadowcat = Kitty Pryde,,,,,,,,,,,,,,,,,,,,,,,,,,,,,,,,
101,Magneto = Erik Magnus,,,,,,,,,,,,,,,,,,,,,,,,,,,,,,,,
101,Phoenix(2) = Rachel Summers,,,,,,,,,,,,,,,,,,,,,,,,,,,,,,,,
101,Rogue = Name Unknown,,,,,,,,,,,,,,,,,,,,,,,,,,,,,,,,
101,Mystique = Name Unknown,,,,,,,,,,,,,,,,,,,,,,,,,,,,,,,,
101,Binary/Ms Marvel = Carol Danvers,,,,,,,,,,,,,,,,,,,,,,,,,,,,,,,,
101,Longshot = (unknown real name),,,,,,,,,,,,,,,,,,,,,,,,,,,,,,,,
101,Dazzler = Alison Blaire,,,,,,,,,,,,,,,,,,,,,,,,,,,,,,,,
101,Psylocke = Elizabeth (Betsy) Braddock,,,,,,,,,,,,,,,,,,,,,,,,,,,,,,,,
101,Moira MacTaggert (scientist helper),,,,,,,,,,,,,,,,Banshee,,,,Banshee,,,,,,,,,,,,
101,Havok = Alex Summers,,,,,,,,,,,,,,,,,,,,,,,,,,,,,,,,
101,Jubilee = Jubilation Lee,,,,,,,,,,,,,,,,,,,,,,,,,,,,,,,,
101,Forge = Name Unknown,,,,,,,,,,,,,,,,,,,,,,,,,,,,,,,,
101,Gambit = Name Unknown,,,,,,,,,,,,,,,,,,,,,,,,,,,,,,,,
102,Professor X,,,,,,,,,,,,,,,,,,,,,,,,,,,,,,,,
102,Wolverine = Logan,1,,,,,,,,,,,,,,,,,,,,,,,,,,,,,,,
102,Cyclops = Scott Summers,,,,,,,,,,,,,,,,,,,,,,,,,,,,,,,,
102,Marvel Girl/Phoenix = Jean Grey,,,,,,,,,,,,,,,,,,,,,,,,,,,,,,,,
102,Storm = Ororo Munroe,2*,,,,1**,,,,,,,,,,,,,,,Her Mother***,Nightcrawler,Her Mother***,,,,,,,,4,1,"*Once in a childhood flashback
**Panic attack renders her unable to fight
*** In a childhood flashback"
102,Colossus = Peter (Piotr) Rasputin,1,,,,,,,,,,,,,,,,,,,,,,,,,,,,,,,
102,Nightcrawler = Kurt Wagner,1,,,,,,,,,,,,,,,,,,,,Storm,,,,,,,,,,,
102,Banshee = Sean Cassidy,1,,,,1*,,,,,,,1,,,,,,,,,,,,,,,,,,,,*Powers innefective against cousin
102,Angel = Warren Worthington,,,,,,,,,,,,,,,,,,,,,,,,,,,,,,,,
102,Ariel/Sprite/Shadowcat = Kitty Pryde,,,,,,,,,,,,,,,,,,,,,,,,,,,,,,,,
102,Magneto = Erik Magnus,,,,,,,,,,,,,,,,,,,,,,,,,,,,,,,,
102,Phoenix(2) = Rachel Summers,,,,,,,,,,,,,,,,,,,,,,,,,,,,,,,,
102,Rogue = Name Unknown,,,,,,,,,,,,,,,,,,,,,,,,,,,,,,,,
102,Mystique = Name Unknown,,,,,,,,,,,,,,,,,,,,,,,,,,,,,,,,
102,Binary/Ms Marvel = Carol Danvers,,,,,,,,,,,,,,,,,,,,,,,,,,,,,,,,
102,Longshot = (unknown real name),,,,,,,,,,,,,,,,,,,,,,,,,,,,,,,,
102,Dazzler = Alison Blaire,,,,,,,,,,,,,,,,,,,,,,,,,,,,,,,,
102,Psylocke = Elizabeth (Betsy) Braddock,,,,,,,,,,,,,,,,,,,,,,,,,,,,,,,,
102,Moira MacTaggert (scientist helper),,,,,,,,,,,,,,,,,,,,,,,,,,,,,,,,
102,Havok = Alex Summers,,,,,,,,,,,,,,,,,,,,,,,,,,,,,,,,
102,Jubilee = Jubilation Lee,,,,,,,,,,,,,,,,,,,,,,,,,,,,,,,,
102,Forge = Name Unknown,,,,,,,,,,,,,,,,,,,,,,,,,,,,,,,,
102,Gambit = Name Unknown,,,,,,,,,,,,,,,,,,,,,,,,,,,,,,,,
103,Professor X,,,,,,,,,,,,,,,,,,,,,,,,,,,,,,,,
103,Wolverine = Logan,,1,,,,,,,,,,,,,,,,,,,,,,,,,,,,,,
103,Cyclops = Scott Summers,,,,,,,,,,,,,,,,,,,,,,,,,,,,,,,,
103,Marvel Girl/Phoenix = Jean Grey,,,,,,,,,,,,,,,,,,,,,,,,,,,,,,,,
103,Storm = Ororo Munroe,,1,,,,,,,,,,,,,,,,,,,,,,,,,,,,,,
103,Colossus = Peter (Piotr) Rasputin,,1,,,,,,,,,,,,,,,,,,,,,,,,,,,,,,"** States chains neutralize powers, but storm breaks out"
103,Nightcrawler = Kurt Wagner,1,,,,,,,,,,,,,,,,,,,,,leprechauns,,,,,,,,,,
103,Banshee = Sean Cassidy,,1,,,1,,,,,1,,,,,,,,,,,,,,,,,,,,,,"* Unconfirmed if character is dead, is thrown off cliff - narration explicitly states body is not found."
103,Angel = Warren Worthington,,,,,,,,,,,,,,,,,,,,,,,,,,,,,,,,
103,Ariel/Sprite/Shadowcat = Kitty Pryde,,,,,,,,,,,,,,,,,,,,,,,,,,,,,,,,
103,Magneto = Erik Magnus,,,,,,,,,,,,,,,,,,,,,,,,,,,,,,,,
103,Phoenix(2) = Rachel Summers,,,,,,,,,,,,,,,,,,,,,,,,,,,,,,,,
103,Rogue = Name Unknown,,,,,,,,,,,,,,,,,,,,,,,,,,,,,,,,
103,Mystique = Name Unknown,,,,,,,,,,,,,,,,,,,,,,,,,,,,,,,,
103,Binary/Ms Marvel = Carol Danvers,,,,,,,,,,,,,,,,,,,,,,,,,,,,,,,,
103,Longshot = (unknown real name),,,,,,,,,,,,,,,,,,,,,,,,,,,,,,,,
103,Dazzler = Alison Blaire,,,,,,,,,,,,,,,,,,,,,,,,,,,,,,,,
103,Psylocke = Elizabeth (Betsy) Braddock,,,,,,,,,,,,,,,,,,,,,,,,,,,,,,,,
103,Moira MacTaggert (scientist helper),,,,,,,,,,,,,,,,,,,,,,,,,,,,,,,,
103,Havok = Alex Summers,,,,,,,,,,,,,,,,,,,,,,,,,,,,,,,,
103,Jubilee = Jubilation Lee,,,,,,,,,,,,,,,,,,,,,,,,,,,,,,,,
103,Forge = Name Unknown,,,,,,,,,,,,,,,,,,,,,,,,,,,,,,,,
103,Gambit = Name Unknown,,,,,,,,,,,,,,,,,,,,,,,,,,,,,,,,
104,Professor X,,,,,,,,,,,,,,,,,,,,,Jean Grey's father,,,,,,,,,,,
104,Wolverine = Logan,,,,,,,,,,,,,,,,,,,,,Cyclops,,,,,,,,,,,
104,Cyclops = Scott Summers,,,,,,,,,,,,,,,,,,,,,"Banshee, Wovlerine",,,,,,,,,,,
104,Marvel Girl/Phoenix = Jean Grey,,,,,,,,,,,,,,,,,,,,her mother,,,,,,,,,,,,
104,Storm = Ororo Munroe,,,,,,,,,,,,,,,,,,,,,,,,,,,,,,,,
104,Colossus = Peter (Piotr) Rasputin,,,,,,,,,,,,,,,,,,,,,,,,,,,,,,,,
104,Nightcrawler = Kurt Wagner,,,,,,,,,,,,,,,,,,,,,,,,,,,,,,,,
104,Banshee = Sean Cassidy,,,,,,,,,,,,,,,,,,,,,Cyclops,,,,,,,,,,,
104,Angel = Warren Worthington,,,,,,,,,,,,,,,,,,,,,,,,,,,,,,,,
104,Ariel/Sprite/Shadowcat = Kitty Pryde,,,,,,,,,,,,,,,,,,,,,,,,,,,,,,,,
104,Magneto = Erik Magnus,,,,,,,,,,,,1,,,,,,,,,,,,,,,,,,,,
104,Phoenix(2) = Rachel Summers,,,,,,,,,,,,,,,,,,,,,,,,,,,,,,,,
104,Rogue = Name Unknown,,,,,,,,,,,,,,,,,,,,,,,,,,,,,,,,
104,Mystique = Name Unknown,,,,,,,,,,,,,,,,,,,,,,,,,,,,,,,,
104,Binary/Ms Marvel = Carol Danvers,,,,,,,,,,,,,,,,,,,,,,,,,,,,,,,,
104,Longshot = (unknown real name),,,,,,,,,,,,,,,,,,,,,,,,,,,,,,,,
104,Dazzler = Alison Blaire,,,,,,,,,,,,,,,,,,,,,,,,,,,,,,,,
104,Psylocke = Elizabeth (Betsy) Braddock,,,,,,,,,,,,,,,,,,,,,,,,,,,,,,,,
104,Moira MacTaggert (scientist helper),,,,,,,,,,,,,,,,,,,,,Jamie Madrox,,,,,,,,,,,
104,Havok = Alex Summers,,,,,,,,,,,,1* ,,,,,,,,,,,,,,,,,,,,"* While under mind control of Eric the Red, in a flashback"
104,Jubilee = Jubilation Lee,,,,,,,,,,,,,,,,,,,,,,,,,,,,,,,,
104,Forge = Name Unknown,,,,,,,,,,,,,,,,,,,,,,,,,,,,,,,,
104,Gambit = Name Unknown,,,,,,,,,,,,,,,,,,,,,,,,,,,,,,,,
105,Professor X,,,,,,,,,,,,,,,,,,,,,,,,,,,,,1,,,
105,Wolverine = Logan,,,,,,,,,,,,,,,,,,,,,,,,,,,,,,,,
105,Cyclops = Scott Summers,1,,,,,,,,,,,1,,,,,,,,,,,,,,,,,,,,
105,Marvel Girl/Phoenix = Jean Grey,,,,,,,,,,,,1,,,,,,,,,Princess Lilandra,,,,,,,,1**,,,** serving coffee
105,Storm = Ororo Munroe,1,,,,,,,,,,,,,,,,,"Colossus, Wolverine",,,,,,,,,,,,,,
105,Colossus = Peter (Piotr) Rasputin,1,,,,,,,,,,,,,,,,,,,,,,,,,,,,,,,
105,Nightcrawler = Kurt Wagner,1,,,,,,,,,,,,,,,,,Banshee,,,,,,,,,,,,,,
105,Banshee = Sean Cassidy,1,,,,,,,,,,,,,,,,,"Nightcrawler, Cyclops",,,,,,,,,,,,,,
105,Angel = Warren Worthington,,,,,,,,,,,,,,,,,,,,,,,,,,,,,,,,
105,Ariel/Sprite/Shadowcat = Kitty Pryde,,,,,,,,,,,,,,,,,,,,,,,,,,,,,,,,
105,Magneto = Erik Magnus,,,,,,,,,,,,,,,,,,,,,,,,,,,,,,,,
105,Phoenix(2) = Rachel Summers,,,,,,,,,,,,,,,,,,,,,,,,,,,,,,,,
105,Rogue = Name Unknown,,,,,,,,,,,,,,,,,,,,,,,,,,,,,,,,
105,Mystique = Name Unknown,,,,,,,,,,,,,,,,,,,,,,,,,,,,,,,,
105,Binary/Ms Marvel = Carol Danvers,,,,,,,,,,,,,,,,,,,,,,,,,,,,,,,,
105,Longshot = (unknown real name),,,,,,,,,,,,,,,,,,,,,,,,,,,,,,,,
105,Dazzler = Alison Blaire,,,,,,,,,,,,,,,,,,,,,,,,,,,,,,,,
105,Psylocke = Elizabeth (Betsy) Braddock,,,,,,,,,,,,,,,,,,,,,,,,,,,,,,,,
105,Moira MacTaggert (scientist helper),,,,,,,,,,,,,,,,,,,,,,,,,,,,,,,,
105,Havok = Alex Summers,,,1,,,,,,,,,1*,,,,,,,,,,,,,,,,,,,,* In a flashback
105,Jubilee = Jubilation Lee,,,,,,,,,,,,,,,,,,,,,,,,,,,,,,,,
105,Forge = Name Unknown,,,,,,,,,,,,,,,,,,,,,,,,,,,,,,,,
105,Gambit = Name Unknown,,,,,,,,,,,,,,,,,,,,,,,,,,,,,,,,
106,Professor X,,,,,1,,,,,,,,,,,,,,,,"Misty Knight, Moira MacTaggert*",,,,,,,,,,,* In a flashback
106,Wolverine = Logan,,,,,,,,,,,,,,,,,,,,,Cyclops*,,,,,,,,,,,* In a flashback
106,Cyclops = Scott Summers,,,,,,,,,,,,,,,,,,Banshee,,,Wolverine*,,,,,,,,,,,* In a flashback
106,Marvel Girl/Phoenix = Jean Grey,,,,,,,,,,,,,,,,,,,,,,,,,,,,,,,,
106,Storm = Ororo Munroe,,,,,,,,,,,,,,,,,,,,,,,,,,,,,,,,
106,Colossus = Peter (Piotr) Rasputin,,,,,,,,,,,,,,,,,,,,,Nightcrawler*,Nightcrawler,,,,,,,,,,* In a flashback
106,Nightcrawler = Kurt Wagner,,,,,,,,,,,,,,,,,,,,,Colossus*,Colossus,,,,,,,,,,* In a flashback
106,Banshee = Sean Cassidy,,,,,,,,,,,,,,,,,,Cyclops,,,,,,,,,,,,,,
106,Angel = Warren Worthington,,,,,,,,,,,,,,,,,,,,,,,,,,,,,,,,
106,Ariel/Sprite/Shadowcat = Kitty Pryde,,,,,,,,,,,,,,,,,,,,,,,,,,,,,,,,
106,Magneto = Erik Magnus,,,,,,,,,,,,,,,,,,,,,,,,,,,,,,,,
106,Phoenix(2) = Rachel Summers,,,,,,,,,,,,,,,,,,,,,,,,,,,,,,,,
106,Rogue = Name Unknown,,,,,,,,,,,,,,,,,,,,,,,,,,,,,,,,
106,Mystique = Name Unknown,,,,,,,,,,,,,,,,,,,,,,,,,,,,,,,,
106,Binary/Ms Marvel = Carol Danvers,,,,,,,,,,,,,,,,,,,,,,,,,,,,,,,,
106,Longshot = (unknown real name),,,,,,,,,,,,,,,,,,,,,,,,,,,,,,,,
106,Dazzler = Alison Blaire,,,,,,,,,,,,,,,,,,,,,,,,,,,,,,,,
106,Psylocke = Elizabeth (Betsy) Braddock,,,,,,,,,,,,,,,,,,,,,,,,,,,,,,,,
106,Moira MacTaggert (scientist helper),,,,,,,,,,,,,,,,,,,,,Xavier*,,,,,,,,,,,* In a flashback
106,Havok = Alex Summers,,,,,,,,,,,,,,,,,,,,,,,,,,,,,,,,
106,Jubilee = Jubilation Lee,,,,,,,,,,,,,,,,,,,,,,,,,,,,,,,,
106,Forge = Name Unknown,,,,,,,,,,,,,,,,,,,,,,,,,,,,,,,,
106,Gambit = Name Unknown,,,,,,,,,,,,,,,,,,,,,,,,,,,,,,,,
107,Professor X,,,,,,,,,,,,,,,,,,,,,,,,,,,,,,,,
107,Wolverine = Logan,,,,,,1,,,,,,,,,,,,,,,,,,,,,,,,,,
107,Cyclops = Scott Summers,1,,,,,,,,,,,1,,,,,,,,,Jean Grey,,,,,,,,,,,
107,Marvel Girl/Phoenix = Jean Grey,,,,,1,,,,,,,,,,,,,,,,Cyclops,,,,,,,,,,,
107,Storm = Ororo Munroe,,,,,,,,,,,,,,,,,,,,,,,,,,,,,,,,
107,Colossus = Peter (Piotr) Rasputin,,,,,,,,,,,,,,,,,,,,,,,,,,,,,,,,
107,Nightcrawler = Kurt Wagner,,,,,1,,,,,,,,,,,,,,,,,,,,,,,,,,,
107,Banshee = Sean Cassidy,,,,,,,,,,,,,,,,,,,,,Princess Lilandra,,,,,,,,,,,
107,Angel = Warren Worthington,,,,,,,,,,,,,,,,,,,,,,,,,,,,,,,,
107,Ariel/Sprite/Shadowcat = Kitty Pryde,,,,,,,,,,,,,,,,,,,,,,,,,,,,,,,,
107,Magneto = Erik Magnus,,,,,,,,,,,,,,,,,,,,,,,,,,,,,,,,
107,Phoenix(2) = Rachel Summers,,,,,,,,,,,,,,,,,,,,,,,,,,,,,,,,
107,Rogue = Name Unknown,,,,,,,,,,,,,,,,,,,,,,,,,,,,,,,,
107,Mystique = Name Unknown,,,,,,,,,,,,,,,,,,,,,,,,,,,,,,,,
107,Binary/Ms Marvel = Carol Danvers,,,,,,,,,,,,,,,,,,,,,,,,,,,,,,,,
107,Longshot = (unknown real name),,,,,,,,,,,,,,,,,,,,,,,,,,,,,,,,
107,Dazzler = Alison Blaire,,,,,,,,,,,,,,,,,,,,,,,,,,,,,,,,
107,Psylocke = Elizabeth (Betsy) Braddock,,,,,,,,,,,,,,,,,,,,,,,,,,,,,,,,
107,Moira MacTaggert (scientist helper),,,,,,,,,,,,,,,,,,,,,,,,,,,,,,,,
107,Havok = Alex Summers,,,,,,,,,,,,,,,,,,,,,,,,,,,,,,,,
107,Jubilee = Jubilation Lee,,,,,,,,,,,,,,,,,,,,,,,,,,,,,,,,
107,Forge = Name Unknown,,,,,,,,,,,,,,,,,,,,,,,,,,,,,,,,
107,Gambit = Name Unknown,,,,,,,,,,,,,,,,,,,,,,,,,,,,,,,,
108,Professor X,,,,,,,,,,,,,,,,,,,,Princess Lilandra,,,,,,,,,,,,
108,Wolverine = Logan,1,,,,,,,,,,,1,,,,,,,,,,Banshee,,,,,,,,,,
108,Cyclops = Scott Summers,1,,,,,,,,,,,,,,,,,,,,Jean Grey,,,,,,,,,,,
108,Marvel Girl/Phoenix = Jean Grey,1,,,,,,,,,,,,,,,"Storm, Corsair",,,,,Cyclops,,,,,,,,,,,
108,Storm = Ororo Munroe,,,,,,,,,,,,,,,,Jean Grey,,,,,,,,,,,,,,,,
108,Colossus = Peter (Piotr) Rasputin,,,,,,,,,,,,,,,,,,,,,,,,,,,,,,,,
108,Nightcrawler = Kurt Wagner,,,,,,,,,,,,,,,,,,,,,,,,,,,,,,,,
108,Banshee = Sean Cassidy,,,,,,,,,,,,,,,,,,,,,,Wolverine,,,,,,,,,,
108,Angel = Warren Worthington,,,,,,,,,,,,,,,,,,,,,,,,,,,,,,,,
108,Ariel/Sprite/Shadowcat = Kitty Pryde,,,,,,,,,,,,,,,,,,,,,,,,,,,,,,,,
108,Magneto = Erik Magnus,,,,,,,,,,,,,,,,,,,,,,,,,,,,,,,,
108,Phoenix(2) = Rachel Summers,,,,,,,,,,,,,,,,,,,,,,,,,,,,,,,,
108,Rogue = Name Unknown,,,,,,,,,,,,,,,,,,,,,,,,,,,,,,,,
108,Mystique = Name Unknown,,,,,,,,,,,,,,,,,,,,,,,,,,,,,,,,
108,Binary/Ms Marvel = Carol Danvers,,,,,,,,,,,,,,,,,,,,,,,,,,,,,,,,
108,Longshot = (unknown real name),,,,,,,,,,,,,,,,,,,,,,,,,,,,,,,,
108,Dazzler = Alison Blaire,,,,,,,,,,,,,,,,,,,,,,,,,,,,,,,,
108,Psylocke = Elizabeth (Betsy) Braddock,,,,,,,,,,,,,,,,,,,,,,,,,,,,,,,,
108,Moira MacTaggert (scientist helper),,,,,,,,,,,,,,,,,,,,,,,,,,,,,,,,
108,Havok = Alex Summers,,,,,,,,,,,,,,,,,,,,,,,,,,,,,,,,
108,Jubilee = Jubilation Lee,,,,,,,,,,,,,,,,,,,,,,,,,,,,,,,,
108,Forge = Name Unknown,,,,,,,,,,,,,,,,,,,,,,,,,,,,,,,,
108,Gambit = Name Unknown,,,,,,,,,,,,,,,,,,,,,,,,,,,,,,,,
109,Professor X,,,,,,,,,,,,,,,,Princess Lilandra,,,,,,,,,,,,,,,,
109,Wolverine = Logan,1,,,,,,,,,,,1,,,,,,,,,,,,,,,,,,,,
109,Cyclops = Scott Summers,,,,,,,,,,,,,,,,,,,,,Nightcrawler,,,,,,,,,,,
109,Marvel Girl/Phoenix = Jean Grey,,,,,,,,,,,,,,,,,,,,,,,,,,,,,,,,
109,Storm = Ororo Munroe,,,,,,,,,,,,,,Colossus,,,,,,,,,,,,,3,,,,,
109,Colossus = Peter (Piotr) Rasputin,,,,,,,,,,,,1,,Storm,,,,,,,,Moira MacTaggert,,,,,,,,,,
109,Nightcrawler = Kurt Wagner,,,,,,,,,,,,,,,,,,,,,Cyclops,,,,,,,,,,,
109,Banshee = Sean Cassidy,,,,,,,,,,,,,,Moira MacTaggert,Moira MacTaggert,,,,,,Moira MacTaggert,Moira MacTaggert*,,,,,,,,,,"*Twice, once when she is concious, once when she is unconcious"
109,Angel = Warren Worthington,,,,,,,,,,,,,,,,,,,,,,,,,,,,,,,,
109,Ariel/Sprite/Shadowcat = Kitty Pryde,,,,,,,,,,,,,,,,,,,,,,,,,,,,,,,,
109,Magneto = Erik Magnus,,,,,,,,,,,,,,,,,,,,,,,,,,,,,,,,
109,Phoenix(2) = Rachel Summers,,,,,,,,,,,,,,,,,,,,,,,,,,,,,,,,
109,Rogue = Name Unknown,,,,,,,,,,,,,,,,,,,,,,,,,,,,,,,,
109,Mystique = Name Unknown,,,,,,,,,,,,,,,,,,,,,,,,,,,,,,,,
109,Binary/Ms Marvel = Carol Danvers,,,,,,,,,,,,,,,,,,,,,,,,,,,,,,,,
109,Longshot = (unknown real name),,,,,,,,,,,,,,,,,,,,,,,,,,,,,,,,
109,Dazzler = Alison Blaire,,,,,,,,,,,,,,,,,,,,,,,,,,,,,,,,
109,Psylocke = Elizabeth (Betsy) Braddock,,,,,,,,,,,,,,,,,,,,,,,,,,,,,,,,
109,Moira MacTaggert (scientist helper),1,,,,,,,,,,,,,Banshee,Banshee,,,,,,Banshee,"Banshee*,  Colossus",,,,,,,,,,"*Twice with Banshee, once when she is concious, once when she is unconcious"
109,Havok = Alex Summers,,,,,,,,,,,,,,,,,,,,,,,,,,,,,,,,
109,Jubilee = Jubilation Lee,,,,,,,,,,,,,,,,,,,,,,,,,,,,,,,,
109,Forge = Name Unknown,,,,,,,,,,,,,,,,,,,,,,,,,,,,,,,,
109,Gambit = Name Unknown,,,,,,,,,,,,,,,,,,,,,,,,,,,,,,,,
110,Professor X,1,,,,,,,,,,,,,,,,,,,,,,,,,,,,,,,
110,Wolverine = Logan,1,,,,,,,,,,,,,,,,,,,,"Colossus, Jean Grey",,,,,,,,,,,
110,Cyclops = Scott Summers,,,,,,,,,,,,,,,,Jean Grey,,Banshee,,,,,,,,,,,,,,
110,Marvel Girl/Phoenix = Jean Grey,1,,,,,,,,,,,,,,,Cyclops,,,,,Wolverine,,,,,,,,,,,
110,Storm = Ororo Munroe,,,,,,,,,,,,,,,,,,Nightcrawler,,,,,,,,,,,,,,
110,Colossus = Peter (Piotr) Rasputin,,,,,,,,,,,,,,,,,,,,,Wolverine,,,,,,,,,,,
110,Nightcrawler = Kurt Wagner,1,,,,,,,,,,,,,,,,,Storm,,,,,,,,,,,,,,
110,Banshee = Sean Cassidy,1,,,,,,,,,,,,,,,,,Cyclops,,,,,,,,,,,,,,
110,Angel = Warren Worthington,,,,,,,,,,,,,,,,,,,,,,,,,,,,,,,,
110,Ariel/Sprite/Shadowcat = Kitty Pryde,,,,,,,,,,,,,,,,,,,,,,,,,,,,,,,,
110,Magneto = Erik Magnus,,,,,,,,,,,,,,,,,,,,,,,,,,,,,,,,
110,Phoenix(2) = Rachel Summers,,,,,,,,,,,,,,,,,,,,,,,,,,,,,,,,
110,Rogue = Name Unknown,,,,,,,,,,,,,,,,,,,,,,,,,,,,,,,,
110,Mystique = Name Unknown,,,,,,,,,,,,,,,,,,,,,,,,,,,,,,,,
110,Binary/Ms Marvel = Carol Danvers,,,,,,,,,,,,,,,,,,,,,,,,,,,,,,,,
110,Longshot = (unknown real name),,,,,,,,,,,,,,,,,,,,,,,,,,,,,,,,
110,Dazzler = Alison Blaire,,,,,,,,,,,,,,,,,,,,,,,,,,,,,,,,
110,Psylocke = Elizabeth (Betsy) Braddock,,,,,,,,,,,,,,,,,,,,,,,,,,,,,,,,
110,Moira MacTaggert (scientist helper),1,,,,,,,,,,,,,,,,,,,,,,,,,,,,,,,
110,Havok = Alex Summers,,,,,,,,,,,,,,,,,,,,,,,,,,,,,,,,
110,Jubilee = Jubilation Lee,,,,,,,,,,,,,,,,,,,,,,,,,,,,,,,,
110,Forge = Name Unknown,,,,,,,,,,,,,,,,,,,,,,,,,,,,,,,,
110,Gambit = Name Unknown,,,,,,,,,,,,,,,,,,,,,,,,,,,,,,,,
111,Professor X,,,,,,,,,,,,,,,,,,,,,,,,,,,,,,,,
111,Wolverine = Logan,,1,,,,,,,,,,1,1,,,,,,,,Jean Grey,,,,,,,,,,,
111,Cyclops = Scott Summers,,1,,,,,,,,,,,,,,,,,,,,,,,,,,,,,,
111,Marvel Girl/Phoenix = Jean Grey,,1,,,,,,,,,,,,,,,,,,,Wolverine,,,,,,,,,,,
111,Storm = Ororo Munroe,,1,,,,,,,,,,,,,,,,,,,,,,,,,,,,,,
111,Colossus = Peter (Piotr) Rasputin,,1,,,,,,,,,,1*,,,,,,,,,,,,,,,,,,,,*While under mind control
111,Nightcrawler = Kurt Wagner,,1,,,,,,,,,,,,,,,,,,,,,,,,,,,,,,
111,Banshee = Sean Cassidy,,1,,,,,,,,,,,,,,,,,,,,,,,,,,,,,,
111,Angel = Warren Worthington,,,,,,,,,,,,,,,,,,,,,,,,,,,,,,,,
111,Ariel/Sprite/Shadowcat = Kitty Pryde,,,,,,,,,,,,,,,,,,,,,,,,,,,,,,,,
111,Magneto = Erik Magnus,,,,,,,,,,,,,,,,,,,,,,,,,,,,,,,,
111,Phoenix(2) = Rachel Summers,,,,,,,,,,,,,,,,,,,,,,,,,,,,,,,,
111,Rogue = Name Unknown,,,,,,,,,,,,,,,,,,,,,,,,,,,,,,,,
111,Mystique = Name Unknown,,,,,,,,,,,,,,,,,,,,,,,,,,,,,,,,
111,Binary/Ms Marvel = Carol Danvers,,,,,,,,,,,,,,,,,,,,,,,,,,,,,,,,
111,Longshot = (unknown real name),,,,,,,,,,,,,,,,,,,,,,,,,,,,,,,,
111,Dazzler = Alison Blaire,,,,,,,,,,,,,,,,,,,,,,,,,,,,,,,,
111,Psylocke = Elizabeth (Betsy) Braddock,,,,,,,,,,,,,,,,,,,,,,,,,,,,,,,,
111,Moira MacTaggert (scientist helper),,,,,,,,,,,,,,,,,,,,,,,,,,,,,,,,
111,Havok = Alex Summers,,,,,,,,,,,,,,,,,,,,,,,,,,,,,,,,
111,Jubilee = Jubilation Lee,,,,,,,,,,,,,,,,,,,,,,,,,,,,,,,,
111,Forge = Name Unknown,,,,,,,,,,,,,,,,,,,,,,,,,,,,,,,,
111,Gambit = Name Unknown,,,,,,,,,,,,,,,,,,,,,,,,,,,,,,,,
112,Professor X,,,,,,,,,,,,,,,,,,,,,,,,,,,,,,,,
112,Wolverine = Logan,1,1,,,1,,,,,,,,,,,,,,,,Cyclops,,,,,,,,,,,
112,Cyclops = Scott Summers,1,1,,,1,,,,,,,1,1,,,,,,,,Wolverine,,,,,,,,,,,
112,Marvel Girl/Phoenix = Jean Grey,1,1,,,1,,,,,,,,,,,,,,,,,,,,,,,,,,,
112,Storm = Ororo Munroe,1,1,,,1,,,,,,,,,,,,,,,,,,,,,,,,,,,
112,Colossus = Peter (Piotr) Rasputin,1,1,,,1,,,,,,,,,,,,,,,,,,,,,,,,,,,
112,Nightcrawler = Kurt Wagner,1,1,,,1,,,,,,,,,,,,,,,,,,,,,,,,,,,
112,Banshee = Sean Cassidy,1,1,,,1,,,,,,,,,,,,,,,,,,,,,,,,,,,
112,Angel = Warren Worthington,,,,,,,,,,,,,,,,,,,,,,,,,,,,,,,,
112,Ariel/Sprite/Shadowcat = Kitty Pryde,,,,,,,,,,,,,,,,,,,,,,,,,,,,,,,,
112,Magneto = Erik Magnus,,,,,,,,,,,,,,,,,,,,,,,,,,,,,,,,
112,Phoenix(2) = Rachel Summers,,,,,,,,,,,,,,,,,,,,,,,,,,,,,,,,
112,Rogue = Name Unknown,,,,,,,,,,,,,,,,,,,,,,,,,,,,,,,,
112,Mystique = Name Unknown,,,,,,,,,,,,,,,,,,,,,,,,,,,,,,,,
112,Binary/Ms Marvel = Carol Danvers,,,,,,,,,,,,,,,,,,,,,,,,,,,,,,,,
112,Longshot = (unknown real name),,,,,,,,,,,,,,,,,,,,,,,,,,,,,,,,
112,Dazzler = Alison Blaire,,,,,,,,,,,,,,,,,,,,,,,,,,,,,,,,
112,Psylocke = Elizabeth (Betsy) Braddock,,,,,,,,,,,,,,,,,,,,,,,,,,,,,,,,
112,Moira MacTaggert (scientist helper),,,,,,,,,,,,,,,,,,,,,,,,,,,,,,,,
112,Havok = Alex Summers,,,,,,,,,,,,,,,,,,,,,,,,,,,,,,,,
112,Jubilee = Jubilation Lee,,,,,,,,,,,,,,,,,,,,,,,,,,,,,,,,
112,Forge = Name Unknown,,,,,,,,,,,,,,,,,,,,,,,,,,,,,,,,
112,Gambit = Name Unknown,,,,,,,,,,,,,,,,,,,,,,,,,,,,,,,,
113,Professor X,,,,,,,,,,,,,,,,Princess Lilandra,,,,,,,,,,,,,,,,
113,Wolverine = Logan,,,,,,,1,,,,,,,,,,,Banshee,,,,,,,,,,,,,,
113,Cyclops = Scott Summers,,,,,,,1,,,,,,,,,,,,,,,,,,,,,,,,,
113,Marvel Girl/Phoenix = Jean Grey,1,,,,,1,1,,,,,,,,,,,,,,Beast,Beast,,,,,,,,,,
113,Storm = Ororo Munroe,,,,,,,1,,,,,,,,,,,,,,,,,,,,,,,1,1,
113,Colossus = Peter (Piotr) Rasputin,,,,,,,1,,,,,,,,,,,,,,,,,,,,,,,,,
113,Nightcrawler = Kurt Wagner,,,,,,,1,,,,,,,,,,,,,,,,,,,,,,,,,
113,Banshee = Sean Cassidy,,,,,,,,,,,,,,,,,,Wolverine,,,,,,,,,,,,,,
113,Angel = Warren Worthington,,,,,,,,,,,,,,,,,,,,,,,,,,,,,,,,
113,Ariel/Sprite/Shadowcat = Kitty Pryde,,,,,,,,,,,,,,,,,,,,,,,,,,,,,,,,
113,Magneto = Erik Magnus,,,,,,,,,,,,1,,,,,,,,,,,,,,,,,,,,
113,Phoenix(2) = Rachel Summers,,,,,,,,,,,,,,,,,,,,,,,,,,,,,,,,
113,Rogue = Name Unknown,,,,,,,,,,,,,,,,,,,,,,,,,,,,,,,,
113,Mystique = Name Unknown,,,,,,,,,,,,,,,,,,,,,,,,,,,,,,,,
113,Binary/Ms Marvel = Carol Danvers,,,,,,,,,,,,,,,,,,,,,,,,,,,,,,,,
113,Longshot = (unknown real name),,,,,,,,,,,,,,,,,,,,,,,,,,,,,,,,
113,Dazzler = Alison Blaire,,,,,,,,,,,,,,,,,,,,,,,,,,,,,,,,
113,Psylocke = Elizabeth (Betsy) Braddock,,,,,,,,,,,,,,,,,,,,,,,,,,,,,,,,
113,Moira MacTaggert (scientist helper),,,,,,,,,,,,,,,,,,,,,,,,,,,,,,,,
113,Havok = Alex Summers,,,,,,,,,,,,,,,,,,,,,,,,,,,,,,,,
113,Jubilee = Jubilation Lee,,,,,,,,,,,,,,,,,,,,,,,,,,,,,,,,
113,Forge = Name Unknown,,,,,,,,,,,,,,,,,,,,,,,,,,,,,,,,
113,Gambit = Name Unknown,,,,,,,,,,,,,,,,,,,,,,,,,,,,,,,,
114,Professor X,,,,,,,,,,,,,,,,,,,,,Jean Grey,,,,,,,,,,,
114,Wolverine = Logan,,,1,,,1,,,,,1,,,,,,,,,,,,,,,,,,,,,
114,Cyclops = Scott Summers,,,1,,,1,,,,,,,,,,,,,,,Storm,,,,,,,,,,,
114,Marvel Girl/Phoenix = Jean Grey,,,1,,,,,,,,,,,,,,,,,,Xavier,Beast,,,,,,,,,,
114,Storm = Ororo Munroe,1,,2*,,,,,,,,,,,,,,,,,,"Banshee,  Colossus, Cyclops",,,,,,,,,,,"* Once with all the other X-Men after Magneto captures them, and once by the villain Sauron after attacking her"
114,Colossus = Peter (Piotr) Rasputin,,,1,,,1,,,,,,,,With local women in the savage land**,,,,,,,Storm ** helping her up,,,,,,,,,,,
114,Nightcrawler = Kurt Wagner,,,1,,,,,,,,,,,,,,,,,,,,,,,,,,,,,
114,Banshee = Sean Cassidy,,,1,,,1,,,,,,,,,,,,,,,Storm,,,,,,,,,,,
114,Angel = Warren Worthington,,,,,,,,,,,,,,,,,,,,,,,,,,,,,,,,
114,Ariel/Sprite/Shadowcat = Kitty Pryde,,,,,,,,,,,,,,,,,,,,,,,,,,,,,,,,
114,Magneto = Erik Magnus,,,,,,,,,,,,,,,,,,,,,,,,,,,,,,,,
114,Phoenix(2) = Rachel Summers,,,,,,,,,,,,,,,,,,,,,,,,,,,,,,,,
114,Rogue = Name Unknown,,,,,,,,,,,,,,,,,,,,,,,,,,,,,,,,
114,Mystique = Name Unknown,,,,,,,,,,,,,,,,,,,,,,,,,,,,,,,,
114,Binary/Ms Marvel = Carol Danvers,,,,,,,,,,,,,,,,,,,,,,,,,,,,,,,,
114,Longshot = (unknown real name),,,,,,,,,,,,,,,,,,,,,,,,,,,,,,,,
114,Dazzler = Alison Blaire,,,,,,,,,,,,,,,,,,,,,,,,,,,,,,,,
114,Psylocke = Elizabeth (Betsy) Braddock,,,,,,,,,,,,,,,,,,,,,,,,,,,,,,,,
114,Moira MacTaggert (scientist helper),,,,,,,,,,,,,,,,,,,,,,,,,,,,,,,,
114,Havok = Alex Summers,,,,,,,,,,,,,,,,,,,,,,,,,,,,,,,,
114,Jubilee = Jubilation Lee,,,,,,,,,,,,,,,,,,,,,,,,,,,,,,,,
114,Forge = Name Unknown,,,,,,,,,,,,,,,,,,,,,,,,,,,,,,,,
114,Gambit = Name Unknown,,,,,,,,,,,,,,,,,,,,,,,,,,,,,,,,
115,Professor X,,,,,,,,,,,,,,,,,,,,,,,,,,,,,,,,
115,Wolverine = Logan,1,,,,,,,,,,,1,,,,,,,,,Ka-zar,,,,,,,,,,,
115,Cyclops = Scott Summers,,,,,,,,,,,,,,,,,,,,,Ka-zar,,,,,,,,,,,
115,Marvel Girl/Phoenix = Jean Grey,,,,,,,,,,,,,,,,,,,,,,,,,,,,,,,,
115,Storm = Ororo Munroe,,,,,,,,,,,,,,,,,,,,,,Colossus,,,,,,,,,,
115,Colossus = Peter (Piotr) Rasputin,,,,,,,,,,,,,,,,,,,,,,Storm,,,,,,,,,,
115,Nightcrawler = Kurt Wagner,,,,,,,,,,,,,,,,,,,,,,,,,,,,,,,,
115,Banshee = Sean Cassidy,,,,,,,,,,,,,,,,,,,,,,,,,,,,,,,,
115,Angel = Warren Worthington,,,,,,,,,,,,,,,,,,,,,,,,,,,,,,,,
115,Ariel/Sprite/Shadowcat = Kitty Pryde,,,,,,,,,,,,,,,,,,,,,,,,,,,,,,,,
115,Magneto = Erik Magnus,,,,,,,,,,,,,,,,,,,,,,,,,,,,,,,,
115,Phoenix(2) = Rachel Summers,,,,,,,,,,,,,,,,,,,,,,,,,,,,,,,,
115,Rogue = Name Unknown,,,,,,,,,,,,,,,,,,,,,,,,,,,,,,,,
115,Mystique = Name Unknown,,,,,,,,,,,,,,,,,,,,,,,,,,,,,,,,
115,Binary/Ms Marvel = Carol Danvers,,,,,,,,,,,,,,,,,,,,,,,,,,,,,,,,
115,Longshot = (unknown real name),,,,,,,,,,,,,,,,,,,,,,,,,,,,,,,,
115,Dazzler = Alison Blaire,,,,,,,,,,,,,,,,,,,,,,,,,,,,,,,,
115,Psylocke = Elizabeth (Betsy) Braddock,,,,,,,,,,,,,,,,,,,,,,,,,,,,,,,,
115,Moira MacTaggert (scientist helper),,,,,,,,,,,,,,,,,,,,,,,,,,,,,,,,
115,Havok = Alex Summers,,,,,,,,,,,,,,,,,,,,,,,,,,,,,,,,
115,Jubilee = Jubilation Lee,,,,,,,,,,,,,,,,,,,,,,,,,,,,,,,,
115,Forge = Name Unknown,,,,,,,,,,,,,,,,,,,,,,,,,,,,,,,,
115,Gambit = Name Unknown,,,,,,,,,,,,,,,,,,,,,,,,,,,,,,,,
116,Professor X,,,,,,,,,,,,,,,,,,,,,,,,,,,,,,,,
116,Wolverine = Logan,,,,,,,,,,,,1,,,,,,,,,,,,,,,,,,,,
116,Cyclops = Scott Summers,1,1,,,1,,,,,,,,,,,,,"captors (pterodactyls), Banshee",,,,,,,,,,,,,,
116,Marvel Girl/Phoenix = Jean Grey,,,,,,,,,,,,,,,,,,,,,,,,,,,,,,,,
116,Storm = Ororo Munroe,,,,,,,,,,,,,,,,,,,,,,,,,,,,,,,,
116,Colossus = Peter (Piotr) Rasputin,,1,,,1,,1,,,,,,,,,,,captors (pterodactyls),,,,,,,,,,,,,,
116,Nightcrawler = Kurt Wagner,,,,,,,,,,,,,,,,,,,,,,,,,,,,,,,,
116,Banshee = Sean Cassidy,,1,,,1,,,,,,,,,,,,,"captors (pterodactyls), Cyclops",,,,,,,,,,,,,,
116,Angel = Warren Worthington,,,,,,,,,,,,,,,,,,,,,,,,,,,,,,,,
116,Ariel/Sprite/Shadowcat = Kitty Pryde,,,,,,,,,,,,,,,,,,,,,,,,,,,,,,,,
116,Magneto = Erik Magnus,,,,,,,,,,,,,,,,,,,,,,,,,,,,,,,,
116,Phoenix(2) = Rachel Summers,,,,,,,,,,,,,,,,,,,,,,,,,,,,,,,,
116,Rogue = Name Unknown,,,,,,,,,,,,,,,,,,,,,,,,,,,,,,,,
116,Mystique = Name Unknown,,,,,,,,,,,,,,,,,,,,,,,,,,,,,,,,
116,Binary/Ms Marvel = Carol Danvers,,,,,,,,,,,,,,,,,,,,,,,,,,,,,,,,
116,Longshot = (unknown real name),,,,,,,,,,,,,,,,,,,,,,,,,,,,,,,,
116,Dazzler = Alison Blaire,,,,,,,,,,,,,,,,,,,,,,,,,,,,,,,,
116,Psylocke = Elizabeth (Betsy) Braddock,,,,,,,,,,,,,,,,,,,,,,,,,,,,,,,,
116,Moira MacTaggert (scientist helper),,,,,,,,,,,,,,,,,,,,,,,,,,,,,,,,
116,Havok = Alex Summers,,,,,,,,,,,,,,,,,,,,,,,,,,,,,,,,
116,Jubilee = Jubilation Lee,,,,,,,,,,,,,,,,,,,,,,,,,,,,,,,,
116,Forge = Name Unknown,,,,,,,,,,,,,,,,,,,,,,,,,,,,,,,,
116,Gambit = Name Unknown,,,,,,,,,,,,,,,,,,,,,,,,,,,,,,,,
117,Professor X,,,,,,,,,,1,,,,,Moira MacTaggert*,Moira MacTaggert*,,,,,"Storm**, Princess Lilandra",,,,Princess Lilandra,,,,,,,"* In a flashback
** In a flashback when Storm is a child"
117,Wolverine = Logan,,,,,,,,,,,,,,,,,,,,,,,,,,,,,,,,
117,Cyclops = Scott Summers,,,,,,,,,,,,,,,,,,,,,,,,,,,,,,,,
117,Marvel Girl/Phoenix = Jean Grey,,,,,,,,,,,,,,,,Misty Knight,,,,,,,,,,,,,,,,
117,Storm = Ororo Munroe,,,,,,,,,,,,,,,,,,,,,Prof. X*,,,,,,,,,,,* In a flashback when Storm is a child
117,Colossus = Peter (Piotr) Rasputin,,,,,,,,,,,,,,,,,,,,,,,,,,,,,,,,
117,Nightcrawler = Kurt Wagner,,,,,,,,,,,,,,,,,,,,,,,,,,,,,,,,
117,Banshee = Sean Cassidy,,,,,,,,,,,,,,,,,,,,,,,,,,,,,,,,
117,Angel = Warren Worthington,,,,,,,,,,,,,,,,,,,,,,,,,,,,,,,,
117,Ariel/Sprite/Shadowcat = Kitty Pryde,,,,,,,,,,,,,,,,,,,,,,,,,,,,,,,,
117,Magneto = Erik Magnus,,,,,,,,,,,,,,,,,,,,,,,,,,,,,,,,
117,Phoenix(2) = Rachel Summers,,,,,,,,,,,,,,,,,,,,,,,,,,,,,,,,
117,Rogue = Name Unknown,,,,,,,,,,,,,,,,,,,,,,,,,,,,,,,,
117,Mystique = Name Unknown,,,,,,,,,,,,,,,,,,,,,,,,,,,,,,,,
117,Binary/Ms Marvel = Carol Danvers,,,,,,,,,,,,,,,,,,,,,,,,,,,,,,,,
117,Longshot = (unknown real name),,,,,,,,,,,,,,,,,,,,,,,,,,,,,,,,
117,Dazzler = Alison Blaire,,,,,,,,,,,,,,,,,,,,,,,,,,,,,,,,
117,Psylocke = Elizabeth (Betsy) Braddock,,,,,,,,,,,,,,,,,,,,,,,,,,,,,,,,
117,Moira MacTaggert (scientist helper),,,,,,,,,,,,,,,,,,,,,,,,,,,,,,,,
117,Havok = Alex Summers,,,,,,,,,,,,,,,,,,,,,,,,,,,,,,,,
117,Jubilee = Jubilation Lee,,,,,,,,,,,,,,,,,,,,,,,,,,,,,,,,
117,Forge = Name Unknown,,,,,,,,,,,,,,,,,,,,,,,,,,,,,,,,
117,Gambit = Name Unknown,,,,,,,,,,,,,,,,,,,,,,,,,,,,,,,,
118,Professor X,,,,,,,,,,,,,,,Princess Lilandra,,,,,,,,,,,,,,,,,
118,Wolverine = Logan,,,,,,,,,,,,,,,,,,Banshee,,,,Mariko,,,,,,,,,,
118,Cyclops = Scott Summers,,,,,,,,,,,,,,,,,,Banshee,,,,,,,,,,,,,,
118,Marvel Girl/Phoenix = Jean Grey,,,,,,,,,,,,,,,,,,,,,,,,,,,,,,,,
118,Storm = Ororo Munroe,,,,,,,,,,,,,,,,,,Colossus,,,,,,,,,,,,,,
118,Colossus = Peter (Piotr) Rasputin,,,,,,,,,,,,,,,,,,Storm,,,,,,,,,,,,,,
118,Nightcrawler = Kurt Wagner,,,,,,,,,,,,,,,,,,,,,,,,,,,,,,,,
118,Banshee = Sean Cassidy,,,,,,,,,,,,,,,,,,"Wolverine, Banshee",,,,,,,,,,,,,,
118,Angel = Warren Worthington,,,,,,,,,,,,,,,,,,,,,,,,,,,,,,,,
118,Ariel/Sprite/Shadowcat = Kitty Pryde,,,,,,,,,,,,,,,,,,,,,,,,,,,,,,,,
118,Magneto = Erik Magnus,,,,,,,,,,,,,,,,,,,,,,,,,,,,,,,,
118,Phoenix(2) = Rachel Summers,,,,,,,,,,,,,,,,,,,,,,,,,,,,,,,,
118,Rogue = Name Unknown,,,,,,,,,,,,,,,,,,,,,,,,,,,,,,,,
118,Mystique = Name Unknown,,,,,,,,,,,,,,,,,,,,,,,,,,,,,,,,
118,Binary/Ms Marvel = Carol Danvers,,,,,,,,,,,,,,,,,,,,,,,,,,,,,,,,
118,Longshot = (unknown real name),,,,,,,,,,,,,,,,,,,,,,,,,,,,,,,,
118,Dazzler = Alison Blaire,,,,,,,,,,,,,,,,,,,,,,,,,,,,,,,,
118,Psylocke = Elizabeth (Betsy) Braddock,,,,,,,,,,,,,,,,,,,,,,,,,,,,,,,,
118,Moira MacTaggert (scientist helper),,,,,,,,,,,,,,,,,,,,,,,,,,,,,,,,
118,Havok = Alex Summers,,,,,,,,,,,,,,,,,,,,,,,,,,,,,,,,
118,Jubilee = Jubilation Lee,,,,,,,,,,,,,,,,,,,,,,,,,,,,,,,,
118,Forge = Name Unknown,,,,,,,,,,,,,,,,,,,,,,,,,,,,,,,,
118,Gambit = Name Unknown,,,,,,,,,,,,,,,,,,,,,,,,,,,,,,,,
119,Professor X,,,,,,,,,,,,,,,,,,,,,,,,,,,,,,,,
119,Wolverine = Logan,,,,,,,,,,,,,,,,,,,,,,,,,,,,,,,,
119,Cyclops = Scott Summers,,,,,,,,,,,,,,,,,,,,,,,,,,,,,,,,
119,Marvel Girl/Phoenix = Jean Grey,,,,,,,,,,,,,,,,,,,,,Moira MacTaggert,,,,,,,,,,,
119,Storm = Ororo Munroe,,,,,,,,,,,,1,,,Nightcrawler,,,Nightcrawler,Colossus,,,,,,Nightcrawler,,,,,,,
119,Colossus = Peter (Piotr) Rasputin,,,,,,,,,,,2,,,,,,,,Storm,,Nightcrawler,,,,,,,,,,,
119,Nightcrawler = Kurt Wagner,,,,,,,,,,,,1,,,Storm,,,Storm,,,Colossus,,,,,,,,,,,
119,Banshee = Sean Cassidy,1,,,,1,,,,,,,1,,,,,,,,,,,,,,,,,,,,
119,Angel = Warren Worthington,,,,,,,,,,,,,,,,,,,,,,,,,,,,,,,,
119,Ariel/Sprite/Shadowcat = Kitty Pryde,,,,,,,,,,,,,,,,,,,,,,,,,,,,,,,,
119,Magneto = Erik Magnus,,,,,,,,,,,,,,,,,,,,,,,,,,,,,,,,
119,Phoenix(2) = Rachel Summers,,,,,,,,,,,,,,,,,,,,,,,,,,,,,,,,
119,Rogue = Name Unknown,,,,,,,,,,,,,,,,,,,,,,,,,,,,,,,,
119,Mystique = Name Unknown,,,,,,,,,,,,,,,,,,,,,,,,,,,,,,,,
119,Binary/Ms Marvel = Carol Danvers,,,,,,,,,,,,,,,,,,,,,,,,,,,,,,,,
119,Longshot = (unknown real name),,,,,,,,,,,,,,,,,,,,,,,,,,,,,,,,
119,Dazzler = Alison Blaire,,,,,,,,,,,,,,,,,,,,,,,,,,,,,,,,
119,Psylocke = Elizabeth (Betsy) Braddock,,,,,,,,,,,,,,,,,,,,,,,,,,,,,,,,
119,Moira MacTaggert (scientist helper),,,,,,,,,,,,,,,,,,,,,"Jean Grey, Alex Summers",,,,,,,,,,,
119,Havok = Alex Summers,,,,,,,,,,,,,,,,,,,,,Moira MacTaggert,,,,,,,,,,,
119,Jubilee = Jubilation Lee,,,,,,,,,,,,,,,,,,,,,,,,,,,,,,,,
119,Forge = Name Unknown,,,,,,,,,,,,,,,,,,,,,,,,,,,,,,,,
119,Gambit = Name Unknown,,,,,,,,,,,,,,,,,,,,,,,,,,,,,,,,
120,Professor X,,,,,,,,,,,,,,,,,,,,,,,,,,,,,,,,
120,Wolverine = Logan,1,1,,,,,,,,,,,,,,,,,,,"Cyclops, Sasquatch",,,,,,,,,,,
120,Cyclops = Scott Summers,,,,,,,,,,,,,,,,,,,,,"Sunfire, Colleen Wing, Wolverine",,,,,,,,,,,
120,Marvel Girl/Phoenix = Jean Grey,,,,,,,,,,,,,,,,,,,,,,,,,,,,,,,,
120,Storm = Ororo Munroe,,,,,,,,,,,,,,,,,,,,,,,,,,,,,,,,
120,Colossus = Peter (Piotr) Rasputin,,,,,,,,,,,,,,,,,,,,,,,,,,,,,,,,
120,Nightcrawler = Kurt Wagner,1,1,,,,,,,,,,,,,,,,,,,,,,,,,,,,,,
120,Banshee = Sean Cassidy,,,,,,,,,,,,,,,,,,,,,,,,,,,,,,,,
120,Angel = Warren Worthington,,,,,,,,,,,,,,,,,,,,,,,,,,,,,,,,
120,Ariel/Sprite/Shadowcat = Kitty Pryde,,,,,,,,,,,,,,,,,,,,,,,,,,,,,,,,
120,Magneto = Erik Magnus,,,,,,,,,,,,,,,,,,,,,,,,,,,,,,,,
120,Phoenix(2) = Rachel Summers,,,,,,,,,,,,,,,,,,,,,,,,,,,,,,,,
120,Rogue = Name Unknown,,,,,,,,,,,,,,,,,,,,,,,,,,,,,,,,
120,Mystique = Name Unknown,,,,,,,,,,,,,,,,,,,,,,,,,,,,,,,,
120,Binary/Ms Marvel = Carol Danvers,,,,,,,,,,,,,,,,,,,,,,,,,,,,,,,,
120,Longshot = (unknown real name),,,,,,,,,,,,,,,,,,,,,,,,,,,,,,,,
120,Dazzler = Alison Blaire,,,,,,,,,,,,,,,,,,,,,,,,,,,,,,,,
120,Psylocke = Elizabeth (Betsy) Braddock,,,,,,,,,,,,,,,,,,,,,,,,,,,,,,,,
120,Moira MacTaggert (scientist helper),,,,,,,,,,,,,,,,,,,,,,,,,,,,,,,,
120,Havok = Alex Summers,,,,,,,,,,,,,,,,,,,,,,,,,,,,,,,,
120,Jubilee = Jubilation Lee,,,,,,,,,,,,,,,,,,,,,,,,,,,,,,,,
120,Forge = Name Unknown,,,,,,,,,,,,,,,,,,,,,,,,,,,,,,,,
120,Gambit = Name Unknown,,,,,,,,,,,,,,,,,,,,,,,,,,,,,,,,
121,Professor X,,,,,,,,,,,,,,,,,,,,,,,,,,,,,,,,
121,Wolverine = Logan,,1,,,,,,,1,,,,1,,,,,,,,Cyclops,,,,,,,,,,,
121,Cyclops = Scott Summers,,,,,,,,,,,,,,,,,,,,,"Colossus, Wolverine",,,,,,,,,,,
121,Marvel Girl/Phoenix = Jean Grey,,,,,,,,,,,,,,,,,,,,,,,,,,,,,,,,
121,Storm = Ororo Munroe,,,,,,,,,,,,,,,,,,,,,,,,,,,,,,,,
121,Colossus = Peter (Piotr) Rasputin,,,,,,,,,,,,1,,,,,,,,,Cyclops,,,,,,,,,,,
121,Nightcrawler = Kurt Wagner,,,,,,,,,,,,,,,Aurora,,,,,,,,,,,,,,,,,
121,Banshee = Sean Cassidy,,,,,,,,,,,,,,,,,,,,,,,,,,,,,,,,
121,Angel = Warren Worthington,,,,,,,,,,,,,,,,,,,,,,,,,,,,,,,,
121,Ariel/Sprite/Shadowcat = Kitty Pryde,,,,,,,,,,,,,,,,,,,,,,,,,,,,,,,,
121,Magneto = Erik Magnus,,,,,,,,,,,,,,,,,,,,,,,,,,,,,,,,
121,Phoenix(2) = Rachel Summers,,,,,,,,,,,,,,,,,,,,,,,,,,,,,,,,
121,Rogue = Name Unknown,,,,,,,,,,,,,,,,,,,,,,,,,,,,,,,,
121,Mystique = Name Unknown,,,,,,,,,,,,,,,,,,,,,,,,,,,,,,,,
121,Binary/Ms Marvel = Carol Danvers,,,,,,,,,,,,,,,,,,,,,,,,,,,,,,,,
121,Longshot = (unknown real name),,,,,,,,,,,,,,,,,,,,,,,,,,,,,,,,
121,Dazzler = Alison Blaire,,,,,,,,,,,,,,,,,,,,,,,,,,,,,,,,
121,Psylocke = Elizabeth (Betsy) Braddock,,,,,,,,,,,,,,,,,,,,,,,,,,,,,,,,
121,Moira MacTaggert (scientist helper),,,,,,,,,,,,,,,,,,,,,,,,,,,,,,,,
121,Havok = Alex Summers,,,,,,,,,,,,,,,,,,,,,,,,,,,,,,,,
121,Jubilee = Jubilation Lee,,,,,,,,,,,,,,,,,,,,,,,,,,,,,,,,
121,Forge = Name Unknown,,,,,,,,,,,,,,,,,,,,,,,,,,,,,,,,
121,Gambit = Name Unknown,,,,,,,,,,,,,,,,,,,,,,,,,,,,,,,,
122,Professor X,,,,,,,,,,,,,,,,,,,,,,,,,,,,,,,,
122,Wolverine = Logan,,,,,,,,,,,,,,,,,,,,,,,,,,,,,,,,
122,Cyclops = Scott Summers,,,,,,,,,,,,,,,,,,,Colleen Wing,,,,,,,,,,1,,,
122,Marvel Girl/Phoenix = Jean Grey,,,,,,,,,,,,,,,,,,,,,Jason Wyngarde,,,,,,,,,,,
122,Storm = Ororo Munroe,,,,,,,,,,,,,1,,,,,,,,,,,,,,,,,,,
122,Colossus = Peter (Piotr) Rasputin,,,,,,,,,,,,,,,,,,,,,,,,,,,,,,,,
122,Nightcrawler = Kurt Wagner,,,,,,,,,,,,,,,,,,,,,,,,,,,,,,,,
122,Banshee = Sean Cassidy,,,,,,,,,,,,,,,,,,,,,,,,,,,,,,,,
122,Angel = Warren Worthington,,,,,,,,,,,,,,,,,,,,,,,,,,,,,,,,
122,Ariel/Sprite/Shadowcat = Kitty Pryde,,,,,,,,,,,,,,,,,,,,,,,,,,,,,,,,
122,Magneto = Erik Magnus,,,,,,,,,,,,,,,,,,,,,,,,,,,,,,,,
122,Phoenix(2) = Rachel Summers,,,,,,,,,,,,,,,,,,,,,,,,,,,,,,,,
122,Rogue = Name Unknown,,,,,,,,,,,,,,,,,,,,,,,,,,,,,,,,
122,Mystique = Name Unknown,,,,,,,,,,,,,,,,,,,,,,,,,,,,,,,,
122,Binary/Ms Marvel = Carol Danvers,,,,,,,,,,,,,,,,,,,,,,,,,,,,,,,,
122,Longshot = (unknown real name),,,,,,,,,,,,,,,,,,,,,,,,,,,,,,,,
122,Dazzler = Alison Blaire,,,,,,,,,,,,,,,,,,,,,,,,,,,,,,,,
122,Psylocke = Elizabeth (Betsy) Braddock,,,,,,,,,,,,,,,,,,,,,,,,,,,,,,,,
122,Moira MacTaggert (scientist helper),,,,,,,,,,,,,,,,,,,,,,,,,,,,,,,,
122,Havok = Alex Summers,,,,,,,,,,,,,,,,,,,,,,,,,,,,,,,,
122,Jubilee = Jubilation Lee,,,,,,,,,,,,,,,,,,,,,,,,,,,,,,,,
122,Forge = Name Unknown,,,,,,,,,,,,,,,,,,,,,,,,,,,,,,,,
122,Gambit = Name Unknown,,,,,,,,,,,,,,,,,,,,,,,,,,,,,,,,
124,Professor X,,,,,,,,,,,,,,,,,,,,,,,,,,,,,,,,
124,Wolverine = Logan,,,,,,,,,,,,,,,,,,,,,Banshee,,,,,,,,,,,
124,Cyclops = Scott Summers,,,,,,,,,,,,,,,,Collen Wing*,,,,,Nightcrawler,,,,,,,,,,,*In silhouette but implied to be cyclops through context
124,Marvel Girl/Phoenix = Jean Grey,,,,,,,,,,,,,,,,,,,,,,,,,,,,,,,,
124,Storm = Ororo Munroe,1,,,,2,,,,,,,,,,,,,,,,,,,,Colossus,,,,,1,1,
124,Colossus = Peter (Piotr) Rasputin,,,,,,,,,,,,1,,,,,,,,Physlocke,,,,,,,,,,,,
124,Nightcrawler = Kurt Wagner,,1,,,1,,,,,,,,,,,,,,,," Amanda, Cyclops",,,,,,,,,,,**While under mind control of arcade 
124,Banshee = Sean Cassidy,,,,,,,,,,,,,,,,,,,,,Wolverine,,,,,,,,,,,
124,Angel = Warren Worthington,,,,,,,,,,,,,,,,,,,,,,,,,,,,,,,,
124,Ariel/Sprite/Shadowcat = Kitty Pryde,,,,,,,,,,,,,,,,,,,,,,,,,,,,,,,,
124,Magneto = Erik Magnus,,,,,,,,,,,,,,,,,,,,,,,,,,,,,,,,
124,Phoenix(2) = Rachel Summers,,,,,,,,,,,,,,,,,,,,,,,,,,,,,,,,
124,Rogue = Name Unknown,,,,,,,,,,,,,,,,,,,,,,,,,,,,,,,,
124,Mystique = Name Unknown,,,,,,,,,,,,,,,,,,,,,,,,,,,,,,,,
124,Binary/Ms Marvel = Carol Danvers,,,,,,,,,,,,,,,,,,,,,,,,,,,,,,,,
124,Longshot = (unknown real name),,,,,,,,,,,,,,,,,,,,,,,,,,,,,,,,
124,Dazzler = Alison Blaire,,,,,,,,,,,,,,,,,,,,,,,,,,,,,,,,
124,Psylocke = Elizabeth (Betsy) Braddock,,1,,,,,,,,,,,,,,,,,,,,,,,,,,,,,,
124,Moira MacTaggert (scientist helper),,,,,,,,,,,,,,,,,,,,,,,,,,,,,,,,
124,Havok = Alex Summers,,,,,,,,,,,,,,,,,,,,,,,,,,,,,,,,
124,Jubilee = Jubilation Lee,,,,,,,,,,,,,,,,,,,,,,,,,,,,,,,,
124,Forge = Name Unknown,,,,,,,,,,,,,,,,,,,,,,,,,,,,,,,,
124,Gambit = Name Unknown,,,,,,,,,,,,,,,,,,,,,,,,,,,,,,,,
125,Professor X,,,,,,,,,,,,,,,,,,,,,,,,,,,,,,,,
125,Wolverine = Logan,,,,,,,,,,,,,,,,,,,,,,,,,,,,,1,,,
125,Cyclops = Scott Summers,,,,,,,,,,,,,,,,,,,,Beast,"Beast x2, Banshee",,,,,,,,,,,
125,Marvel Girl/Phoenix = Jean Grey,,,,1*,,,,,,,,,,,,,,,,,,,,,,,,,,,,
125,Storm = Ororo Munroe,,,,,,,,,,,,,,,,,,,,,,,,,,,,,,,,
125,Colossus = Peter (Piotr) Rasputin,,,,,,,,,,,,,,,,,,,,,,,,,,,,,,,,
125,Nightcrawler = Kurt Wagner,,,,,1,,,,,,,1,,,,,,,,,,,,,,,,,,,,
125,Banshee = Sean Cassidy,,,,,,,,,,,,,,,,,,,,,Cyclops,,,,,,,,,,,
125,Angel = Warren Worthington,,,,,,,,,,,,,,,,,,,,,,,,,,,,,,,,
125,Ariel/Sprite/Shadowcat = Kitty Pryde,,,,,,,,,,,,,,,,,,,,,,,,,,,,,,,,
125,Magneto = Erik Magnus,,,,,,,,,,,,,,,,,,,,,,,,,,,,,,,,
125,Phoenix(2) = Rachel Summers,,,,,,,,,,,,,,,,,,,,,,,,,,,,,,,,
125,Rogue = Name Unknown,,,,,,,,,,,,,,,,,,,,,,,,,,,,,,,,
125,Mystique = Name Unknown,,,,,,,,,,,,,,,,,,,,,,,,,,,,,,,,
125,Binary/Ms Marvel = Carol Danvers,,,,,,,,,,,,,,,,,,,,,,,,,,,,,,,,
125,Longshot = (unknown real name),,,,,,,,,,,,,,,,,,,,,,,,,,,,,,,,
125,Dazzler = Alison Blaire,,,,,,,,,,,,,,,,,,,,,,,,,,,,,,,,
125,Psylocke = Elizabeth (Betsy) Braddock,,,,,,,,,,,,,,,,,,,,,,,,,,,,,,,,
125,Moira MacTaggert (scientist helper),,,,,,,,,,,,,,,,,,,,,,,,,,,,,,,,
125,Havok = Alex Summers,,,,,,,,,,,,,,,,,,,,,,,,,,,,,,,,
125,Jubilee = Jubilation Lee,,,,,,,,,,,,,,,,,,,,,,,,,,,,,,,,
125,Forge = Name Unknown,,,,,,,,,,,,,,,,,,,,,,,,,,,,,,,,
125,Gambit = Name Unknown,,,,,,,,,,,,,,,,,,,,,,,,,,,,,,,,
126,Professor X,,,,,,,,,,,,,,,,,,,,,,,,,,,,,,,,
126,Wolverine = Logan,,,,,,,,,,,,,,,,,,Storm,,,Nightcrawler,,,,,,,,,,,
126,Cyclops = Scott Summers,,,,,,,,,,,,,,,,,,Storm,,,"Moira MacTaggart, Jean Grey",,,,,,,,,,,
126,Marvel Girl/Phoenix = Jean Grey,1,,,1*,,,,,,,,,,,,,,,,,Cyclops,,,,,,,,,,,
126,Storm = Ororo Munroe,,,,,,,,,,,,,,,,,,"Wolverine, Cyclops",,,,,,,,,,,,,,
126,Colossus = Peter (Piotr) Rasputin,,,,,,,,,,,,,,,,,,,,,,,,,,,,,,,,
126,Nightcrawler = Kurt Wagner,,,,,,,,,,,,,,,,,,,,,"Wolverine, Polaris, Angus MacWhriter",,,,,,,,1,,,
126,Banshee = Sean Cassidy,,,,,,,,,,,,,,,,,,,,,"Polaris, Moira MacTaggart", ,,,,,,,,,,
126,Angel = Warren Worthington,,,,,,,,,,,,,,,,,,,,,,,,,,,,,,,,
126,Ariel/Sprite/Shadowcat = Kitty Pryde,,,,,,,,,,,,,,,,,,,,,,,,,,,,,,,,
126,Magneto = Erik Magnus,,,,,,,,,,,,,,,,,,,,,,,,,,,,,,,,
126,Phoenix(2) = Rachel Summers,,,,,,,,,,,,,,,,,,,,,,,,,,,,,,,,
126,Rogue = Name Unknown,,,,,,,,,,,,,,,,,,,,,,,,,,,,,,,,
126,Mystique = Name Unknown,,,,,,,,,,,,,,,,,,,,,,,,,,,,,,,,
126,Binary/Ms Marvel = Carol Danvers,,,,,,,,,,,,,,,,,,,,,,,,,,,,,,,,
126,Longshot = (unknown real name),,,,,,,,,,,,,,,,,,,,,,,,,,,,,,,,
126,Dazzler = Alison Blaire,,,,,,,,,,,,,,,,,,,,,,,,,,,,,,,,
126,Psylocke = Elizabeth (Betsy) Braddock,,,,,,,,,,,,,,,,,,,,,,,,,,,,,,,,
126,Moira MacTaggert (scientist helper),,,,,,,,,,,,,,,,,,,,,"Cyclops, Banshee, Jamie Madrox",,,,,,,,,,,
126,Havok = Alex Summers,,,,,,,,,,,,,,,,,,,,,Jamie Madeox,,,,,,,,,,,
126,Jubilee = Jubilation Lee,,,,,,,,,,,,,,,,,,,,,,,,,,,,,,,,
126,Forge = Name Unknown,,,,,,,,,,,,,,,,,,,,,,,,,,,,,,,,
126,Gambit = Name Unknown,,,,,,,,,,,,,,,,,,,,,,,,,,,,,,,,
127,Professor X,,,,,,,,,,,,,,,,,,,,,,,,,,,,,,,,
127,Wolverine = Logan,,,,,,,,,,,,,,,,,,Jean Grey,,,,,,,,,,,1,,,
127,Cyclops = Scott Summers,1,,,,1,,,,1,,,1,,,,,,Jean Grey,,,Jean Grey,,,,,,,,1,,,
127,Marvel Girl/Phoenix = Jean Grey,1,,,,1,,,,,,,,,,,,,"Wolverine, Nightcrawler, Banshee, Colossus, Cyclops",,,Cyclops,,,,,,,,1,,,
127,Storm = Ororo Munroe,1,,,,,,,,,,,,,,,,,,,,,,,,,,,,,,,
127,Colossus = Peter (Piotr) Rasputin,,,,,,,,,,,,,,,,,,Jean Grey,,,,,,,,,,,1,,,
127,Nightcrawler = Kurt Wagner,,,,,,,,,,,,,,,,,,Jean Grey,,,,,,,,,,,1,,,
127,Banshee = Sean Cassidy,,,,,,,,,,,,,,,,,,Jean Grey,,,,,,,,,,,,,,
127,Angel = Warren Worthington,,,,,,,,,,,,,,,,,,,,,,,,,,,,,,,,
127,Ariel/Sprite/Shadowcat = Kitty Pryde,,,,,,,,,,,,,,,,,,,,,,,,,,,,,,,,
127,Magneto = Erik Magnus,,,,,,,,,,,,,,,,,,,,,,,,,,,,,,,,
127,Phoenix(2) = Rachel Summers,,,,,,,,,,,,,,,,,,,,,,,,,,,,,,,,
127,Rogue = Name Unknown,,,,,,,,,,,,,,,,,,,,,,,,,,,,,,,,
127,Mystique = Name Unknown,,,,,,,,,,,,,,,,,,,,,,,,,,,,,,,,
127,Binary/Ms Marvel = Carol Danvers,,,,,,,,,,,,,,,,,,,,,,,,,,,,,,,,
127,Longshot = (unknown real name),,,,,,,,,,,,,,,,,,,,,,,,,,,,,,,,
127,Dazzler = Alison Blaire,,,,,,,,,,,,,,,,,,,,,,,,,,,,,,,,
127,Psylocke = Elizabeth (Betsy) Braddock,,,,,,,,,,,,,,,,,,,,,,,,,,,,,,,,
127,Moira MacTaggert (scientist helper),,1,,,,,,,,,,1,,,,,,,,,,,,,Joseph MacTaggart,,,,,,,
127,Havok = Alex Summers,,,,,,,,,,,,,,,,,,Lorna Dane/Polaris,,,,,,,,,,,,,,
127,Jubilee = Jubilation Lee,,,,,,,,,,,,,,,,,,,,,,,,,,,,,,,,
127,Forge = Name Unknown,,,,,,,,,,,,,,,,,,,,,,,,,,,,,,,,
127,Gambit = Name Unknown,,,,,,,,,,,,,,,,,,,,,,,,,,,,,,,,
128,Professor X,,,,,,,,,,,,,,,,,,,,,,,,,,,,,,,,
128,Wolverine = Logan,,,,,,,,,,,,,,,,,,"Lorna Dane/Polaris, Jean Grey",,,"Cyclops, Colossus","Moia TacTaggart, Storm",,,,,,,,,,
128,Cyclops = Scott Summers,,,,,,,,,,,,,,,,,,Jean Grey,,,"Nightcralwer,  Wolverine,  Moira MacTaggart, Jean Grey, Banshee",,,,,,,,,,,
128,Marvel Girl/Phoenix = Jean Grey,,,,,,,,,,,,1,,,,,,"Cyclops, Wolverine, Havok, Civvilan man",,,Cyclops,,,,,,,,,,,
128,Storm = Ororo Munroe,1,,,,,,,,,,,,,,,,,Banshee,,,Colossus,Wolverine,,,,,,,,,,
128,Colossus = Peter (Piotr) Rasputin,,,,,,,,,,1,,1,,,,,,,,Moira MacTaggart,"Storm, Wolverine",,,,,,,,,,,
128,Nightcrawler = Kurt Wagner,,,,,,,,,,,,,,,,,,,,,Cyclops,"Banshee, Civilan Woman",,,,,,,,,,
128,Banshee = Sean Cassidy,1,,,,,,,,,,,,,,Moia MacTaggart,,,Storm,,,"Cyclops, Polaris",Nightcrawler,,,Moira MacTaggart,,,,,,,
128,Angel = Warren Worthington,,,,,,,,,,,,,,,,,,,,,,,,,,,,,,,,
128,Ariel/Sprite/Shadowcat = Kitty Pryde,,,,,,,,,,,,,,,,,,,,,,,,,,,,,,,,
128,Magneto = Erik Magnus,,,,,,,,,,,,,,,,,,,,,,,,,,,,,,,,
128,Phoenix(2) = Rachel Summers,,,,,,,,,,,,,,,,,,,,,,,,,,,,,,,,
128,Rogue = Name Unknown,,,,,,,,,,,,,,,,,,,,,,,,,,,,,,,,
128,Mystique = Name Unknown,,,,,,,,,,,,,,,,,,,,,,,,,,,,,,,,
128,Binary/Ms Marvel = Carol Danvers,,,,,,,,,,,,,,,,,,,,,,,,,,,,,,,,
128,Longshot = (unknown real name),,,,,,,,,,,,,,,,,,,,,,,,,,,,,,,,
128,Dazzler = Alison Blaire,,,,,,,,,,,,,,,,,,,,,,,,,,,,,,,,
128,Psylocke = Elizabeth (Betsy) Braddock,,,,,,,,,,,,,,,,,,,,,,,,,,,,,,,,
128,Moira MacTaggert (scientist helper),,,,,,,,,,,,,,,Banshee,,,,,Colossus,Cyclops,"Joseph MacTaggart* x2 , Wolverine",,,,,,,,,,*In form of Joe MacTaggart
128,Havok = Alex Summers,,,,,,,,,,,,,,,,,,Jean Grey,,,,,,,,,,,,,,
128,Jubilee = Jubilation Lee,,,,,,,,,,,,,,,,,,,,,,,,,,,,,,,,
128,Forge = Name Unknown,,,,,,,,,,,,,,,,,,,,,,,,,,,,,,,,
128,Gambit = Name Unknown,,,,,,,,,,,,,,,,,,,,,,,,,,,,,,,,
129,Professor X,1,,,,,,,,,,,,,,,,,,,,,,,,,,,,,,,
129,Wolverine = Logan,1,1,,1,,,,,,,,,,,,,,,,,Cyclops,Unamed Hellfire soldiers,,,,,,,,,,
129,Cyclops = Scott Summers,,,,,,,,,,,,,,,Jean Grey,,,,Jean Grey,Havok,"Havok, Jean Grey, Wolverine",,,,Jean Grey,,,,,,,
129,Marvel Girl/Phoenix = Jean Grey,,,,1,,,,,,,,,,,Cyclops,,,,Cyclops,,"Cyclops, Jason Wyngarde",,,,Cyclops,,,,,,,
129,Storm = Ororo Munroe,1,1,,1,,,,,,,,,,,,,,,,,,Unamed Hellfire soldiers,,,,,,,1,,,
129,Colossus = Peter (Piotr) Rasputin,1,1,,1,,,,,,,,,,,,,,,,,,Unamed Hellfire soldiers,,,,,,,,,,
129,Nightcrawler = Kurt Wagner,,,,,,,,,,,,,,,,,,,,,Havok,,,,,,,,,,,
129,Banshee = Sean Cassidy,,,,,,,,1,,,,,,,,,,,,,Moira MacTaggart,,,,,,,,,,,
129,Angel = Warren Worthington,,,,,,,,,,,,,,,,,,,,,,,,,,,,,,,,
129,Ariel/Sprite/Shadowcat = Kitty Pryde,,,,,,,,,,,,,,,,,,,,,Mrs. Pryde,,,,,,,,1,,,
129,Magneto = Erik Magnus,,,,,,,,,,,,,,,,,,,,,,,,,,,,,,,,
129,Phoenix(2) = Rachel Summers,,,,,,,,,,,,,,,,,,,,,,,,,,,,,,,,
129,Rogue = Name Unknown,,,,,,,,,,,,,,,,,,,,,,,,,,,,,,,,
129,Mystique = Name Unknown,,,,,,,,,,,,,,,,,,,,,,,,,,,,,,,,
129,Binary/Ms Marvel = Carol Danvers,,,,,,,,,,,,,,,,,,,,,,,,,,,,,,,,
129,Longshot = (unknown real name),,,,,,,,,,,,,,,,,,,,,,,,,,,,,,,,
129,Dazzler = Alison Blaire,,,,,,,,,,,,,,,,,,,,,,,,,,,,,,,,
129,Psylocke = Elizabeth (Betsy) Braddock,,,,,,,,,,,,,,,,,,,,,,,,,,,,,,,,
129,Moira MacTaggert (scientist helper),,,,,,,,,,,,,,,,,,,,,Banshee,,,,,,,,,,,
129,Havok = Alex Summers,,,,,,,,,,,,,,,,,,,,Cyclops,"Nightcrawler, Cyclops",,,,,,,,,,,
129,Jubilee = Jubilation Lee,,,,,,,,,,,,,,,,,,,,,,,,,,,,,,,,
129,Forge = Name Unknown,,,,,,,,,,,,,,,,,,,,,,,,,,,,,,,,
129,Gambit = Name Unknown,,,,,,,,,,,,,,,,,,,,,,,,,,,,,,,,
130,Professor X,1,,,,1,,,,,,,,,,,,,,,,Kitty Pryde,,,,,,,,,,,
130,Wolverine = Logan,,,,,1,,,,,,,,,,,,,,,,,,,,,,,,,,,
130,Cyclops = Scott Summers,,,,,1,,,,,,,,,,,,,,,,Nightcrawler,,,,,,,,,,,
130,Marvel Girl/Phoenix = Jean Grey,,,,1**,1,,,,,,,,,,Jason Wyngarde,,,,,,"Jason Wyngarde, Unnamed maid",,,,,,,,,,,**Psycically is made to believe is in another outfit
130,Storm = Ororo Munroe,,,,,1,1,,,,,,,,,,,,,,,Kitty Pryde,,,,,,,,,,,
130,Colossus = Peter (Piotr) Rasputin,,,,,1,,,,,,,,,,,,,,,,,,,,,,,,,,,
130,Nightcrawler = Kurt Wagner,,,,,1,,,,,,,,,,,,,,,,Cyclops,,,,,,,,,,,
130,Banshee = Sean Cassidy,,,,,,,,,,,,,,,,,,,,,,,,,,,,,,,,
130,Angel = Warren Worthington,,,,,,,,,,,,,,,,,,,,,,,,,,,,,,,,
130,Ariel/Sprite/Shadowcat = Kitty Pryde,,,,,,,,,,,,,,,,,,,,,"Professor X,*  Mrs.Pryde*, Storm",,,,,,,,,,,*In Flashback
130,Magneto = Erik Magnus,,,,,,,,,,,,,,,,,,,,,,,,,,,,,,,,
130,Phoenix(2) = Rachel Summers,,,,,,,,,,,,,,,,,,,,,,,,,,,,,,,,
130,Rogue = Name Unknown,,,,,,,,,,,,,,,,,,,,,,,,,,,,,,,,
130,Mystique = Name Unknown,,,,,,,,,,,,,,,,,,,,,,,,,,,,,,,,
130,Binary/Ms Marvel = Carol Danvers,,,,,,,,,,,,,,,,,,,,,,,,,,,,,,,,
130,Longshot = (unknown real name),,,,,,,,,,,,,,,,,,,,,,,,,,,,,,,,
130,Dazzler = Alison Blaire,,,,,,,,,,,,,,,,,,,,,,,,,,,,,,,,
130,Psylocke = Elizabeth (Betsy) Braddock,,,,,,,,,,,,,,,,,,,,,,,,,,,,,,,,
130,Moira MacTaggert (scientist helper),,,,,,,,,,,,,,,,,,,,,,,,,,,,,,,,
130,Havok = Alex Summers,,,,,,,,,,,,,,,,,,,,,,,,,,,,,,,,
130,Jubilee = Jubilation Lee,,,,,,,,,,,,,,,,,,,,,,,,,,,,,,,,
130,Forge = Name Unknown,,,,,,,,,,,,,,,,,,,,,,,,,,,,,,,,
130,Gambit = Name Unknown,,,,,,,,,,,,,,,,,,,,,,,,,,,,,,,,
131,Professor X,,,,,,,,,,,,,,,,,,,,,Mr.Pryde,,,,,,,,,,,
131,Wolverine = Logan,,,,,,,,,,,,,,,,,,,,,Kitty Pryde ,Kitty Pryde,,,,,,,,,,
131,Cyclops = Scott Summers,,,,,,,,,,,,1,,,,,,Jean Grey,"Jean Grey, Storm",,"Kitty Pryde, Jean Grey, Storm",,,,,,,,,,,
131,Marvel Girl/Phoenix = Jean Grey,,,,,,,,,,,,,,,,,,"Cyclops, Dazzler",Cyclops,Kitty Pryde,"Hellfire Guard (Sal), Storm, Cyclops",,,,,,,,,,,
131,Storm = Ororo Munroe,1,,,,,,1,,,,,,,,,,,,Cyclops,,"Jean Grey, Cyclops",,,,,,,,,1,1,
131,Colossus = Peter (Piotr) Rasputin,,,,,,,,,,,,,,,,,,,,,,Kitty Pryde,,,,,,,,,,
131,Nightcrawler = Kurt Wagner,,,,,,,,,,,,,,,,,,,,,,Kitty Pryde,,,,,,,,,,
131,Banshee = Sean Cassidy,,,,,,,,,,,,,,,,,,,,,,,,,,,,,,,,
131,Angel = Warren Worthington,,,,,,,,,,,,,,,,,,,,,,,,,,,,,,,,
131,Ariel/Sprite/Shadowcat = Kitty Pryde,1,,,,,,,,,,,,,,,,,,,"Jean Grey, Mrs. Pryde","Cyclops, Wolverine, Mr. Pryde (Carmen), Mrs. Pryde","Nightcralwer, Wolverine, Colossus",,,,,,,,1,1,
131,Magneto = Erik Magnus,,,,,,,,,,,,,,,,,,,,,,,,,,,,,,,,
131,Phoenix(2) = Rachel Summers,,,,,,,,,,,,,,,,,,,,,,,,,,,,,,,,
131,Rogue = Name Unknown,,,,,,,,,,,,,,,,,,,,,,,,,,,,,,,,
131,Mystique = Name Unknown,,,,,,,,,,,,,,,,,,,,,,,,,,,,,,,,
131,Binary/Ms Marvel = Carol Danvers,,,,,,,,,,,,,,,,,,,,,,,,,,,,,,,,
131,Longshot = (unknown real name),,,,,,,,,,,,,,,,,,,,,,,,,,,,,,,,
131,Dazzler = Alison Blaire,,,,,,,,,,,,1,,,,,,Jean Grey,,,,,,,,,,,,,,
131,Psylocke = Elizabeth (Betsy) Braddock,,,,,,,,,,,,,,,,,,,,,,,,,,,,,,,,
131,Moira MacTaggert (scientist helper),,,,,,,,,,,,,,,,,,,,,,,,,,,,,,,,
131,Havok = Alex Summers,,,,,,,,,,,,,,,,,,,,,,,,,,,,,,,,
131,Jubilee = Jubilation Lee,,,,,,,,,,,,,,,,,,,,,,,,,,,,,,,,
131,Forge = Name Unknown,,,,,,,,,,,,,,,,,,,,,,,,,,,,,,,,
131,Gambit = Name Unknown,,,,,,,,,,,,,,,,,,,,,,,,,,,,,,,,
132,Professor X,,,,,,,,,,,,,,,,,,,,,,,,,,,,,,,,
132,Wolverine = Logan,1,,,,,1,,,,,,,,,,,,,,,,,,,,,,,,,,
132,Cyclops = Scott Summers,1,,,,1,,,,,,,,,Jean Grey,Jean Grey,,Jean Grey,Angel,Jean Grey,,Angel,,,,,,,,,,,
132,Marvel Girl/Phoenix = Jean Grey,,1,,1 + 1*,,,,,,,,1,,Cyclops,"Angel, Cyclops",,"Cyclops, Jason Wyngarde",,Cyclops,,,,,,Jason Wyngarde*,,,,1,,,*Psycically is made to believe in other outfit
132,Storm = Ororo Munroe,1,,,,,1,,,,,,,,,,,,,,,Jason Wyngarde,,,,,,,,,,,
132,Colossus = Peter (Piotr) Rasputin,1,,,,,1,,,,,,1,,,,,,,,,,,,,,,,,,,,
132,Nightcrawler = Kurt Wagner,1,,,,1,,,,,,,,,,,,,,,,,,,,,,,,,,,
132,Banshee = Sean Cassidy,,,,,,,,,,,,,,,,,,,,,,,,,,,,,,,,
132,Angel = Warren Worthington,,,,,,,,,,,,,,,Jean Grey ,,,Cyclops,,,"Cyclops, Candy Souther",,,,,,,,,,,
132,Ariel/Sprite/Shadowcat = Kitty Pryde,,,,,,,,,,,,,,,,,,,,,,,,,,,,,,,,
132,Magneto = Erik Magnus,,,,,,,,,,,,,,,,,,,,,,,,,,,,,,,,
132,Phoenix(2) = Rachel Summers,,,,,,,,,,,,,,,,,,,,,,,,,,,,,,,,
132,Rogue = Name Unknown,,,,,,,,,,,,,,,,,,,,,,,,,,,,,,,,
132,Mystique = Name Unknown,,,,,,,,,,,,,,,,,,,,,,,,,,,,,,,,
132,Binary/Ms Marvel = Carol Danvers,,,,,,,,,,,,,,,,,,,,,,,,,,,,,,,,
132,Longshot = (unknown real name),,,,,,,,,,,,,,,,,,,,,,,,,,,,,,,,
132,Dazzler = Alison Blaire,,,,,,,,,,,,,,,,,,,,,,,,,,,,,,,,
132,Psylocke = Elizabeth (Betsy) Braddock,,,,,,,,,,,,,,,,,,,,,,,,,,,,,,,,
132,Moira MacTaggert (scientist helper),,,,,,,,,,,,,,,,,,,,,,,,,,,,,,,,
132,Havok = Alex Summers,,,,,,,,,,,,,,,,,,,,,,,,,,,,,,,,
132,Jubilee = Jubilation Lee,,,,,,,,,,,,,,,,,,,,,,,,,,,,,,,,
132,Forge = Name Unknown,,,,,,,,,,,,,,,,,,,,,,,,,,,,,,,,
132,Gambit = Name Unknown,,,,,,,,,,,,,,,,,,,,,,,,,,,,,,,,
133,Professor X,,,,,,,,,,,,,,,,,,,,,,,,,,,,,,,,
133,Wolverine = Logan,,,,,,,,,,1,,2,,,,,,,,,,,,,,,,,,,,*Unclear how many hellfire guards murdered but at lwast one
133,Cyclops = Scott Summers,1,1,1,1*,2,,,,,,,1,,,,,,,,,Jean Grey,,,,,Jean Grey***,,,,,,**Psyically made to believe in different Outfits ***In Flashback
133,Marvel Girl/Phoenix = Jean Grey,,,,,,,,,,,,1,,,Jason Wyngarde,,,,,,"Jason Wyngarde x3, Cyclops***, Harry Leland, Sebastain Shaw, Storm",,,,,Cyclops***,,,,,,***In flashback
133,Storm = Ororo Munroe,,1,,1*,1,,,,,,,,,,,,,,,,Jean Grey,,,,,,,,,,,**Pyscically made to believe in dfifferent outfit
133,Colossus = Peter (Piotr) Rasputin,,1,,1*,1,,,,,,,,,,,,,,,,,,,,,,,,,,,**Pyscically made to believe in dfifferent outfit
133,Nightcrawler = Kurt Wagner,,1,,1*,1,,,,,,,,,,,,,,,,,,,,,,,,,,,**Pyscically made to believe in dfifferent outfit
133,Banshee = Sean Cassidy,,,,,,,,,,,,,,,,Moira Mactaggart,,,,,Moira MacTaggart,,,,Moira MacTaggart****,,,,,,,****Referred to as love
133,Angel = Warren Worthington,,,,,,,,,,,,,,,,,,,,,,,,,,,,,,,,
133,Ariel/Sprite/Shadowcat = Kitty Pryde,,,,,,,,,,,,,,,,,,,,,,,,,,,,,,,,
133,Magneto = Erik Magnus,,,,,,,,,,,,,,,,,,,,,,,,,,,,,,,,
133,Phoenix(2) = Rachel Summers,,,,,,,,,,,,,,,,,,,,,,,,,,,,,,,,
133,Rogue = Name Unknown,,,,,,,,,,,,,,,,,,,,,,,,,,,,,,,,
133,Mystique = Name Unknown,,,,,,,,,,,,,,,,,,,,,,,,,,,,,,,,
133,Binary/Ms Marvel = Carol Danvers,,,,,,,,,,,,,,,,,,,,,,,,,,,,,,,,
133,Longshot = (unknown real name),,,,,,,,,,,,,,,,,,,,,,,,,,,,,,,,
133,Dazzler = Alison Blaire,,,,,,,,,,,,,,,,,,,,,,,,,,,,,,,,
133,Psylocke = Elizabeth (Betsy) Braddock,,,,,,,,,,,,,,,,,,,,,,,,,,,,,,,,
133,Moira MacTaggert (scientist helper),,,,,,,,,,,,,,,,Banshee,,,,,Banshee,,,,,,,,,,,
133,Havok = Alex Summers,,,,,,,,,,,,,,,,,,,,,,,,,,,,,,,,
133,Jubilee = Jubilation Lee,,,,,,,,,,,,,,,,,,,,,,,,,,,,,,,,
133,Forge = Name Unknown,,,,,,,,,,,,,,,,,,,,,,,,,,,,,,,,
133,Gambit = Name Unknown,,,,,,,,,,,,,,,,,,,,,,,,,,,,,,,,
134,Professor X,,,,,,,,,,,,,,,,,,,,,,,,,,,,,,,,
134,Wolverine = Logan,,,,,,,,,,1,,2,,,,,,,,,,,,,,,,,,,,
134,Cyclops = Scott Summers,,,,1*,,,,,,,,1,,,,,,,,,Jean Grey,,,,,,,,,,,*Psycically believes is in another outfit
134,Marvel Girl/Phoenix = Jean Grey,,,,,,,,,,,,2,,,,,,,,,"Jason Wyngarde x2, Cyclops",,,,,,,,,,,
134,Storm = Ororo Munroe,,,,1*,,,,,,,,,,,,,,,,,,,,,,,,,,,,*Psycically believes in in another outfit
134,Colossus = Peter (Piotr) Rasputin,,,,1*,,,,,,,,1,,,,,,,,,,,,,,,,,,,,*Psycically believes in in another outfit
134,Nightcrawler = Kurt Wagner,,,,1*,,,,,,,,1,,,,,,,,,,,,,,,,,,,,*Psycically believes in in another outfit
134,Banshee = Sean Cassidy,,,,,,,,,,,,,,,,,,,,,,,,,,,,,,,,
134,Angel = Warren Worthington,,,,,,,,,,,,,,,,,,,,,,,,,,,,,,,,
134,Ariel/Sprite/Shadowcat = Kitty Pryde,,,,,,,,,,,,,,,,,,,,,,,,,,,,,,,,
134,Magneto = Erik Magnus,,,,,,,,,,,,,,,,,,,,,,,,,,,,,,,,
134,Phoenix(2) = Rachel Summers,,,,,,,,,,,,,,,,,,,,,,,,,,,,,,,,
134,Rogue = Name Unknown,,,,,,,,,,,,,,,,,,,,,,,,,,,,,,,,
134,Mystique = Name Unknown,,,,,,,,,,,,,,,,,,,,,,,,,,,,,,,,
134,Binary/Ms Marvel = Carol Danvers,,,,,,,,,,,,,,,,,,,,,,,,,,,,,,,,
134,Longshot = (unknown real name),,,,,,,,,,,,,,,,,,,,,,,,,,,,,,,,
134,Dazzler = Alison Blaire,,,,,,,,,,,,,,,,,,,,,,,,,,,,,,,,
134,Psylocke = Elizabeth (Betsy) Braddock,,,,,,,,,,,,,,,,,,,,,,,,,,,,,,,,
134,Moira MacTaggert (scientist helper),,,,,,,,,,,,,,,,,,,,,,,,,,,,,,,,
134,Havok = Alex Summers,,,,,,,,,,,,,,,,,,,,,,,,,,,,,,,,
134,Jubilee = Jubilation Lee,,,,,,,,,,,,,,,,,,,,,,,,,,,,,,,,
134,Forge = Name Unknown,,,,,,,,,,,,,,,,,,,,,,,,,,,,,,,,
134,Gambit = Name Unknown,,,,,,,,,,,,,,,,,,,,,,,,,,,,,,,,
135,Professor X,,,,,,,,,,,,,,,,,,,,,,,,,,,,,,,,
135,Wolverine = Logan,1,,,,,,,,,,,,,,,,,Storm,,,Cyclops,,,,,,,,1,,,
135,Cyclops = Scott Summers,1,,,,,,,,,,,,,,,,,Storm,,,"Storm, Wolverine",,,,,,,,,,,
135,Marvel Girl/Phoenix = Jean Grey,,,,,,,,,,,5000000004,2,,,,,,,,,,,,,Cyclops,,,,,,,
135,Storm = Ororo Munroe,1,,,,,,,,,,,,,,,,,,,,Cyclops ,,,,,,,,1,,,
135,Colossus = Peter (Piotr) Rasputin,1,,,,1,,,,,,,,,,,,,,,,,,,,,,,,1,,,
135,Nightcrawler = Kurt Wagner,1,,,,,,,,,,,,,,,,,"Cyclops, Wolverine",,,,,,,,,,,1,,,"* While under control of Dark Pheonix, destoryed star system containing approx. 5,000,000,000 lives then in separate instance killed 4 more "
135,Banshee = Sean Cassidy,,,,,,,,,,,,,,,,,,,,,,,,,,,,,,,,
135,Angel = Warren Worthington,,,,,,,,,,,,,,,,,,,,,,,,,,,,,,,,
135,Ariel/Sprite/Shadowcat = Kitty Pryde,,,,,,,,,,,,,,,,,,,,,,,,,,,,,,,,
135,Magneto = Erik Magnus,,,,,,,,,,,,,,,,,,,,,,,,,,,,,,,,
135,Phoenix(2) = Rachel Summers,,,,,,,,,,,,,,,,,,,,,,,,,,,,,,,,
135,Rogue = Name Unknown,,,,,,,,,,,,,,,,,,,,,,,,,,,,,,,,
135,Mystique = Name Unknown,,,,,,,,,,,,,,,,,,,,,,,,,,,,,,,,
135,Binary/Ms Marvel = Carol Danvers,,,,,,,,,,,,,,,,,,,,,,,,,,,,,,,,
135,Longshot = (unknown real name),,,,,,,,,,,,,,,,,,,,,,,,,,,,,,,,
135,Dazzler = Alison Blaire,,,,,,,,,,,,,,,,,,,,,,,,,,,,,,,,
135,Psylocke = Elizabeth (Betsy) Braddock,,,,,,,,,,,,,,,,,,,,,,,,,,,,,,,,
135,Moira MacTaggert (scientist helper),,,,,,,,,,,,,,,,,,,,,,,,,,,,,,,,
135,Havok = Alex Summers,,,,,,,,,,,,,,,,,,,,,,,,,,,,,,,,
135,Jubilee = Jubilation Lee,,,,,,,,,,,,,,,,,,,,,,,,,,,,,,,,
135,Forge = Name Unknown,,,,,,,,,,,,,,,,,,,,,,,,,,,,,,,,
135,Gambit = Name Unknown,,,,,,,,,,,,,,,,,,,,,,,,,,,,,,,,
136,Professor X,,,,,,1,,,,,,,,,,,,,,,,Colossus,,,,,,,,2,1,
136,Wolverine = Logan,,,,,,,,,,,,,,,,,,,,,,,,,,,,,,,,
136,Cyclops = Scott Summers,,,,,,,,,,,,,1,,Jean Grey,,,,,,,Jean Grey x2,,,Jean Grey,,,,,,,
136,Marvel Girl/Phoenix = Jean Grey,1,,,,,1,,,,,,1,,,Cyclops,,,,,,Elaine and John Grey,Cyclops x2,,,Storm,,,,,1,1,
136,Storm = Ororo Munroe,,,,,,,,,,,,,,,,,,,,,,,,,Jean Grey,,,,,,,
136,Colossus = Peter (Piotr) Rasputin,,,,,,,,,,,,,,,,,,,,,,Professor X,,,,,,,,,,
136,Nightcrawler = Kurt Wagner,,,,,,,,,,,,1,,,,,,,,,Beast,,,,,,,,,,,
136,Banshee = Sean Cassidy,,,,,,,,,,,,,,,,,,,,,,,,,,,,,,,,
136,Angel = Warren Worthington,,,,,,,,,,,,,,,,,,,,,,,,,,,,,,,,
136,Ariel/Sprite/Shadowcat = Kitty Pryde,,,,,,,,,,,,,,,,,,,,,,,,,,,,,,,,
136,Magneto = Erik Magnus,,,,,,,,,,,,,,,,,,,,,,,,,,,,,,,,
136,Phoenix(2) = Rachel Summers,,,,,,,,,,,,,,,,,,,,,,,,,,,,,,,,
136,Rogue = Name Unknown,,,,,,,,,,,,,,,,,,,,,,,,,,,,,,,,
136,Mystique = Name Unknown,,,,,,,,,,,,,,,,,,,,,,,,,,,,,,,,
136,Binary/Ms Marvel = Carol Danvers,,,,,,,,,,,,,,,,,,,,,,,,,,,,,,,,
136,Longshot = (unknown real name),,,,,,,,,,,,,,,,,,,,,,,,,,,,,,,,
136,Dazzler = Alison Blaire,,,,,,,,,,,,,,,,,,,,,,,,,,,,,,,,
136,Psylocke = Elizabeth (Betsy) Braddock,,,,,,,,,,,,,,,,,,,,,,,,,,,,,,,,
136,Moira MacTaggert (scientist helper),,,,,,,,,,,,,,,,,,,,,,,,,,,,,,,,
136,Havok = Alex Summers,,,,,,,,,,,,,,,,,,,,,,,,,,,,,,,,
136,Jubilee = Jubilation Lee,,,,,,,,,,,,,,,,,,,,,,,,,,,,,,,,
136,Forge = Name Unknown,,,,,,,,,,,,,,,,,,,,,,,,,,,,,,,,
136,Gambit = Name Unknown,,,,,,,,,,,,,,,,,,,,,,,,,,,,,,,,
137,Professor X,,1,,,,,,,,,,,,,,,,,,,,Colossus,,,,,,,,,,
137,Wolverine = Logan,,1,,,,1,,,,,,1,,,,,,Storm,,,"Ranksor the Skrull*,",,,,Jean Grey  ,,1,,,,,*Skrull in for of Storm
137,Cyclops = Scott Summers,,1,,,,1,,,,,,,,,Jean Grey,Jean Grey x2,,,,1,"Jean Grey x5, Angel",Jean Grey,,,Jean Grey x3,,,,,,,
137,Marvel Girl/Phoenix = Jean Grey,,1,1,,,,,,,,,,,,Cyclops,Cyclops x2,,,,1,Cyclops x5,Cyclops,,,Cyclops x2,,,,,2,2,
137,Storm = Ororo Munroe,1,1,,,,1,,,,,,,,,,,,"Angel, Wolverine",,,,,,,,,,,,,,
137,Colossus = Peter (Piotr) Rasputin,1,1,,,,1,,,,,,1,,,,,,,,,,Professor X,,,,,,,,,,
137,Nightcrawler = Kurt Wagner,1,1,,,,,,,,,,,,,,,,Angel,,,"Angel, Gladiator",,,,,,,,,,,
137,Banshee = Sean Cassidy,,,,,,,,,,,,,,,,,,,,,,,,,,,,,,,,
137,Angel = Warren Worthington,,1,,,1,,,,,,,,,,,,,"Nightcrawler, Storm",,,"Cyclops, Beast, Nightcrawler",,,,,,,,,,,
137,Ariel/Sprite/Shadowcat = Kitty Pryde,,,,,,,,,,,,,,,,,,,,,,,,,,,,,,,,
137,Magneto = Erik Magnus,,,,,,,,,,,,,,,,,,,,,,,,,,,,,,,,
137,Phoenix(2) = Rachel Summers,,,,,,,,,,,,,,,,,,,,,,,,,,,,,,,,
137,Rogue = Name Unknown,,,,,,,,,,,,,,,,,,,,,,,,,,,,,,,,
137,Mystique = Name Unknown,,,,,,,,,,,,,,,,,,,,,,,,,,,,,,,,
137,Binary/Ms Marvel = Carol Danvers,,,,,,,,,,,,,,,,,,,,,,,,,,,,,,,,
137,Longshot = (unknown real name),,,,,,,,,,,,,,,,,,,,,,,,,,,,,,,,
137,Dazzler = Alison Blaire,,,,,,,,,,,,,,,,,,,,,,,,,,,,,,,,
137,Psylocke = Elizabeth (Betsy) Braddock,,,,,,,,,,,,,,,,,,,,,,,,,,,,,,,,
137,Moira MacTaggert (scientist helper),,,,,,,,,,,,,,,,,,,,,,,,,,,,,,,,
137,Havok = Alex Summers,,,,,,,,,,,,,,,,,,,,,,,,,,,,,,,,
137,Jubilee = Jubilation Lee,,,,,,,,,,,,,,,,,,,,,,,,,,,,,,,,
137,Forge = Name Unknown,,,,,,,,,,,,,,,,,,,,,,,,,,,,,,,,
137,Gambit = Name Unknown,,,,,,,,,,,,,,,,,,,,,,,,,,,,,,,,
138,Professor X,,,1,,,,,,,,,,,,,,,,,,,Angel,,,,,,,,,,
138,Wolverine = Logan,,,,,,,,,,,,,,,,,,,,,,,,,,,,,,,,
138,Cyclops = Scott Summers,,,,,,,,1,,,,,,,Jean Grey ,,,,Jean Grey,,"Beast, Dr.Karl Lynkos, Mr.Grey",,,,Jean Grey x4,,,,,,,
138,Marvel Girl/Phoenix = Jean Grey,,,,,,,,,,,,,,,Cyclops,,,,Cyclops,,Angel,,,,Cyclops,,,,,,,
138,Storm = Ororo Munroe,,,,,,,,,,,,,,,,,,,,,,,,,,,,,,,,
138,Colossus = Peter (Piotr) Rasputin,,,,,,,,,,,,,,,,,,,,,,,,,,,,,,,,
138,Nightcrawler = Kurt Wagner,,,,,,,,,,,,,,,,,,,,,,,,,,,,,,,,
138,Banshee = Sean Cassidy,,,,,,,,,,,,,,,,,,,,,,,,,,,,,,,,
138,Angel = Warren Worthington,,,,,,,,,,,,,,,,,,,,,Jean Grey,Professor. X,,,,,,,,,,
138,Ariel/Sprite/Shadowcat = Kitty Pryde,,,,,,,,,,,,,,,,,,,,,,,,,,,,,,,,
138,Magneto = Erik Magnus,,,,,,,,,,,,,,,,,,,,,,,,,,,,,,,,
138,Phoenix(2) = Rachel Summers,,,,,,,,,,,,,,,,,,,,,,,,,,,,,,,,
138,Rogue = Name Unknown,,,,,,,,,,,,,,,,,,,,,,,,,,,,,,,,
138,Mystique = Name Unknown,,,,,,,,,,,,,,,,,,,,,,,,,,,,,,,,
138,Binary/Ms Marvel = Carol Danvers,,,,,,,,,,,,,,,,,,,,,,,,,,,,,,,,
138,Longshot = (unknown real name),,,,,,,,,,,,,,,,,,,,,,,,,,,,,,,,
138,Dazzler = Alison Blaire,,,,,,,,,,,,,,,,,,,,,,,,,,,,,,,,
138,Psylocke = Elizabeth (Betsy) Braddock,,,,,,,,,,,,,,,,,,,,,,,,,,,,,,,,
138,Moira MacTaggert (scientist helper),,,,,,,,,,,,,,,,,,,,,,,,,,,,,,,,
138,Havok = Alex Summers,,,,,,,,,,,,,,,,,,,,,,,,,,,,,,,,
138,Jubilee = Jubilation Lee,,,,,,,,,,,,,,,,,,,,,,,,,,,,,,,,
138,Forge = Name Unknown,,,,,,,,,,,,,,,,,,,,,,,,,,,,,,,,
138,Gambit = Name Unknown,,,,,,,,,,,,,,,,,,,,,,,,,,,,,,,,
139,Professor X,,,,,,,,,,,,,,,,,,,,,,,,,,,,,1,,,
139,Wolverine = Logan,,,,,,,,,,,,,,,,,,,,,"James MacDonald Hudson, Heather MacDonald","Heather MacDonald Hudson, Nightcrawler",,,,,,,2,,,
139,Cyclops = Scott Summers,,,,,,,,,,,,,,,,,,Storm,,,,,,,,,,,,,,
139,Marvel Girl/Phoenix = Jean Grey,,,,,,,,,,,,,,,,,,,,,,,,,,,,,,,,
139,Storm = Ororo Munroe,,,,,,,,,,,,,,,,,,,,,Kitty Pryde,,,,,,,,,,,
139,Colossus = Peter (Piotr) Rasputin,,,,,,,,,,,,,,,,,,,,,,,,,,,,,,,,
139,Nightcrawler = Kurt Wagner,,,,,,,,,,,,,,,,,,Nightcrawler,,,,Wolverine,,,,,,,1,,,
139,Banshee = Sean Cassidy,,,,,,,,,,,,,,,,,,,,,,,,,,,,,,,,
139,Angel = Warren Worthington,,,,,,,,,,,,,,,,,,,,,,,,,,,,,,,,
139,Ariel/Sprite/Shadowcat = Kitty Pryde,,,,,,,,,,,,,,,,,,,,,Storm,,,,,,,,1,,,
139,Magneto = Erik Magnus,,,,,,,,,,,,,,,,,,,,,,,,,,,,,,,,
139,Phoenix(2) = Rachel Summers,,,,,,,,,,,,,,,,,,,,,,,,,,,,,,,,
139,Rogue = Name Unknown,,,,,,,,,,,,,,,,,,,,,,,,,,,,,,,,
139,Mystique = Name Unknown,,,,,,,,,,,,,,,,,,,,,,,,,,,,,,,,
139,Binary/Ms Marvel = Carol Danvers,,,,,,,,,,,,,,,,,,,,,,,,,,,,,,,,
139,Longshot = (unknown real name),,,,,,,,,,,,,,,,,,,,,,,,,,,,,,,,
139,Dazzler = Alison Blaire,,,,,,,,,,,,,,,,,,,,,,,,,,,,,,,,
139,Psylocke = Elizabeth (Betsy) Braddock,,,,,,,,,,,,,,,,,,,,,,,,,,,,,,,,
139,Moira MacTaggert (scientist helper),,,,,,,,,,,,,,,,,,,,,,,,,,,,,,,,
139,Havok = Alex Summers,,,,,,,,,,,,,,,,,,,,,,,,,,,,,,,,
139,Jubilee = Jubilation Lee,,,,,,,,,,,,,,,,,,,,,,,,,,,,,,,,
139,Forge = Name Unknown,,,,,,,,,,,,,,,,,,,,,,,,,,,,,,,,
139,Gambit = Name Unknown,,,,,,,,,,,,,,,,,,,,,,,,,,,,,,,,
140,Professor X,,,,,,,,,,,,,,,,,,,,,,,,,,,,,,,,
140,Wolverine = Logan,,,,,,,,,,,,1,,,,,,,,Annie Mackenzie/Snowbird,"Shaman, Mrs. Parnall, Annie Mackenzie/Snowbird, James Mackenzie Hudson",,,,,,,,,,,
140,Cyclops = Scott Summers,,,,,,,,,,,,,,,,,,,,,,,,,,,,,,,,
140,Marvel Girl/Phoenix = Jean Grey,,,,,,,,,,,,,,,,,,,,,,,,,,,,,,,,
140,Storm = Ororo Munroe,,,,,,,,,,,,, ,,,,,,,,,,,,,,,,,,,
140,Colossus = Peter (Piotr) Rasputin,,,,,,,,,,,,,,,,,,,,,,,,,,,,,,,,
140,Nightcrawler = Kurt Wagner,1,,,,,,,,,,,,,,,,,James MacDonald Hudson,,,,,,,,,,,,,,
140,Banshee = Sean Cassidy,,,,,,,,,,,,,,,,,,,,,,,,,,,,,,,,
140,Angel = Warren Worthington,,,,,,,,,,,,,,,,,,,,,,,,,,,,,,,,
140,Ariel/Sprite/Shadowcat = Kitty Pryde,,,,,,,,,,,,,,,,,,,,,,,,,,,,,,,,
140,Magneto = Erik Magnus,,,,,,,,,,,,,,,,,,,,,,,,,,,,,,,,
140,Phoenix(2) = Rachel Summers,,,,,,,,,,,,,,,,,,,,,,,,,,,,,,,,
140,Rogue = Name Unknown,,,,,,,,,,,,,,,,,,,,,,,,,,,,,,,,
140,Mystique = Name Unknown,,,,,,,,,,,,,,,,,,,,,,,,,,,,,,,,
140,Binary/Ms Marvel = Carol Danvers,,,,,,,,,,,,,,,,,,,,,,,,,,,,,,,,
140,Longshot = (unknown real name),,,,,,,,,,,,,,,,,,,,,,,,,,,,,,,,
140,Dazzler = Alison Blaire,,,,,,,,,,,,,,,,,,,,,,,,,,,,,,,,
140,Psylocke = Elizabeth (Betsy) Braddock,,,,,,,,,,,,,,,,,,,,,,,,,,,,,,,,
140,Moira MacTaggert (scientist helper),,,,,,,,,,,,,,,,,,,,,,,,,,,,,,,,
140,Havok = Alex Summers,,,,,,,,,,,,,,,,,,,,,,,,,,,,,,,,
140,Jubilee = Jubilation Lee,,,,,,,,,,,,,,,,,,,,,,,,,,,,,,,,
140,Forge = Name Unknown,,,,,,,,,,,,,,,,,,,,,,,,,,,,,,,,
140,Gambit = Name Unknown,,,,,,,,,,,,,,,,,,,,,,,,,,,,,,,,
141,Professor X,,,,,,,,,,,,,,,,,,,,,,,,,,,,,,,,
141,Wolverine = Logan,,,,,,,,,,,,,,,,,,,,,Kitty Pryde,,,,,,,,,,,
141,Cyclops = Scott Summers,,,,,,,,,,,,,,,,,,,,,,,,,,,,,,,,
141,Marvel Girl/Phoenix = Jean Grey,,,,,,,,,,,1,,,,,,,,,,Rachel,,,,,,,,,,,
141,Storm = Ororo Munroe,,,,,1,,,,,,,,,,,,,,,,,,,,,,,,,,,
141,Colossus = Peter (Piotr) Rasputin,,,,,1,,,,,,,,,,Kitty Pryde,,,,,,Kitty Pryde ,Kitty Pryde x3,,,,,,,,,,
141,Nightcrawler = Kurt Wagner,,,,,,,,,,,,,,,,,,,,,Kitty Pryde,Kitty Pryde x2,,,,,,,,,,
141,Banshee = Sean Cassidy,,,,,,,,,,,,,,,,,,,,,,,,,,,,,,,,
141,Angel = Warren Worthington,,,,,,,,,,,,,,,,,,,,,,,,,,,,,,,,
141,Ariel/Sprite/Shadowcat = Kitty Pryde,2,,,,1,,,,,,,,,,Colossus,,,,,,"Wolverine, Storm, Colossus, Rachel, Nightcrawler x2","Colossus x3, NightCawler",,,,,,,,,,
141,Magneto = Erik Magnus,,,,,1,,,,,,,,,,,,,,,,,,,,,,,,,,,
141,Phoenix(2) = Rachel Summers,,,,,,,,,,,,,,,,,,,,,,,,,,,,,,,,
141,Rogue = Name Unknown,,,,,,,,,,,,,,,,,,,,,,,,,,,,,,,,
141,Mystique = Name Unknown,,,,,,,,,,,,1,,,,,,,,,,,,,,,,,,,,
141,Binary/Ms Marvel = Carol Danvers,,,,,,,,,,,,,,,,,,,,,,,,,,,,,,,,
141,Longshot = (unknown real name),,,,,,,,,,,,,,,,,,,,,,,,,,,,,,,,
141,Dazzler = Alison Blaire,,,,,,,,,,,,,,,,,,,,,,,,,,,,,,,,
141,Psylocke = Elizabeth (Betsy) Braddock,,,,,,,,,,,,,,,,,,,,,,,,,,,,,,,,
141,Moira MacTaggert (scientist helper),,,,,,,,,,,,,,,,,,,,,,,,,,,,,,,,
141,Havok = Alex Summers,,,,,,,,,,,,,,,,,,,,,,,,,,,,,,,,
141,Jubilee = Jubilation Lee,,,,,,,,,,,,,,,,,,,,,,,,,,,,,,,,
141,Forge = Name Unknown,,,,,,,,,,,,,,,,,,,,,,,,,,,,,,,,
141,Gambit = Name Unknown,,,,,,,,,,,,,,,,,,,,,,,,,,,,,,,,
142,Professor X,1,,,,1,,,,,,,,,,,,,,,,Moira MacTaggart,,,,,,,,,,,
142,Wolverine = Logan,,,1,,,,,,,,,,,,,,,Storm,,,"Storm, Nightcrawler",,,,,,,,,,,
142,Cyclops = Scott Summers,,,,,,,,,,,,,,,,,,,,,,,,,,,,,,,,
142,Marvel Girl/Phoenix = Jean Grey,,,,,,,,,,,,,,,,,,,,,,,,,,,,,,,,
142,Storm = Ororo Munroe,,,1,,,,,,,,2,,,,,,,Wolverine,,,Wolverine,Kitty Pryde,,,,,,,,,,
142,Colossus = Peter (Piotr) Rasputin,,,,,,,,,,,,,,,,,,,,,Kitty Pryde*,Kitty Pryde,,,,,,,,,,* In panel from previous issue that is in this comics as well
142,Nightcrawler = Kurt Wagner,,,,,,,,,,,,,,,,,,,,,Wolverine,,,,,,,,,,,
142,Banshee = Sean Cassidy,,,,,,,,,,,,,,,,,,,,,,,,,,,,,,,,
142,Angel = Warren Worthington,,,,,,,,,,,,,,,,,,Kitty Pryde,,,,,,,,,,,,,,
142,Ariel/Sprite/Shadowcat = Kitty Pryde,,,,,,,,,,,,,,,Kitty Pryde Future Self,,,Angel,,Rachel Summers,"Colossus*, Rachel Summers* x2","Colossus, Wolverine",,,,,,,,,,* In panel from previous issue that is in this comics as well
142,Magneto = Erik Magnus,,,,,,,,,,,,,,,,,,,,,,,,,,,,,,,,
142,Phoenix(2) = Rachel Summers,,,,,,,,,,,,,,,,,,,,,,,,,,,,,,,,
142,Rogue = Name Unknown,,,,,,,,,,,,,,,,,,,,,,,,,,,,,,,,
142,Mystique = Name Unknown,,,,,,,,,,,,,,,,,,,,,,,,,,,,,,,,
142,Binary/Ms Marvel = Carol Danvers,,,,,,,,,,,,,,,,,,,,,,,,,,,,,,,,
142,Longshot = (unknown real name),,,,,,,,,,,,,,,,,,,,,,,,,,,,,,,,
142,Dazzler = Alison Blaire,,,,,,,,,,,,,,,,,,,,,,,,,,,,,,,,
142,Psylocke = Elizabeth (Betsy) Braddock,,,,,,,,,,,,,,,,,,,,,,,,,,,,,,,,
142,Moira MacTaggert (scientist helper),1,,,,,,,,,,,,,,,,,,,,Professor x,,,,,,,,,,,
142,Havok = Alex Summers,,,,,,,,,,,,,,,,,,,,,,,,,,,,,,,,
142,Jubilee = Jubilation Lee,,,,,,,,,,,,,,,,,,,,,,,,,,,,,,,,
142,Forge = Name Unknown,,,,,,,,,,,,,,,,,,,,,,,,,,,,,,,,
142,Gambit = Name Unknown,,,,,,,,,,,,,,,,,,,,,,,,,,,,,,,,
143,Professor X,,,,,,,,,,,,,,,,,,,,,,,,,,,,,,,,
143,Wolverine = Logan,,,,,,,,,,,,1,,,,,,,,,,,,,,,,,,,,
143,Cyclops = Scott Summers,,,,,,,,,,,,,,,,,,,,,,,,,,,,,,,,
143,Marvel Girl/Phoenix = Jean Grey,,,,,,,,,,,,,,,,,,,,,,,,,,,,,,,,
143,Storm = Ororo Munroe,,,,,,,,,,,,,,,,,,,,,Kitty Pryde,,,,,,,,,,,
143,Colossus = Peter (Piotr) Rasputin,,,,,,,,,,,,,,,Kitty Pryde,,,,,Kitty Pryde,,,,,,,,,,,,
143,Nightcrawler = Kurt Wagner,,,,,,,,,,,,,,,Mariko Yashida,,,,,,,,,,,,,,,,,
143,Banshee = Sean Cassidy,,,,,,,,,,,,,,,,,,,,,,,,,,,,,,,,
143,Angel = Warren Worthington,,,,,,,,,,,,,,,,,,,,,,,,,,,,,,,,
143,Ariel/Sprite/Shadowcat = Kitty Pryde,,,,,,,,,,,1,,,,Colossus,,,,,Colossus,"Mr. and Mrs. Pryde, Storm",,,,,,,,,,,
143,Magneto = Erik Magnus,,,,,,,,,,,,,,,,,,,,,,,,,,,,,,,,
143,Phoenix(2) = Rachel Summers,,,,,,,,,,,,,,,,,,,,,,,,,,,,,,,,
143,Rogue = Name Unknown,,,,,,,,,,,,,,,,,,,,,,,,,,,,,,,,
143,Mystique = Name Unknown,,,,,,,,,,,,,,,,,,,,,,,,,,,,,,,,
143,Binary/Ms Marvel = Carol Danvers,,,,,,,,,,,,,,,,,,,,,,,,,,,,,,,,
143,Longshot = (unknown real name),,,,,,,,,,,,,,,,,,,,,,,,,,,,,,,,
143,Dazzler = Alison Blaire,,,,,,,,,,,,,,,,,,,,,,,,,,,,,,,,
143,Psylocke = Elizabeth (Betsy) Braddock,,,,,,,,,,,,,,,,,,,,,,,,,,,,,,,,
143,Moira MacTaggert (scientist helper),,,,,,,,,,,,,,,,,,,,,,,,,,,,,,,,
143,Havok = Alex Summers,,,,,,,,,,,,,,,,,,,,,,,,,,,,,,,,
143,Jubilee = Jubilation Lee,,,,,,,,,,,,,,,,,,,,,,,,,,,,,,,,
143,Forge = Name Unknown,,,,,,,,,,,,,,,,,,,,,,,,,,,,,,,,
143,Gambit = Name Unknown,,,,,,,,,,,,,,,,,,,,,,,,,,,,,,,,
144,Professor X,,,,,,,,,,,,,,,,,,,,,,,,,,,,,,,,
144,Wolverine = Logan,,,,,,,,,,,,,,,,,,,,,,,,,,,,,,,,
144,Cyclops = Scott Summers,,,1*,1,,1,,,,1,2,1,,,Jean Grey x2*,Jean Grey*,,,,,"Paolo, Lee Forrester x3, Ann Summers x2**, Alex Summers**, Jean Grey*",Lee Forrester x2,,,,,,,1,,,*In physic hallucination  **In phsyic attack induced memory
144,Marvel Girl/Phoenix = Jean Grey,,,,,,,,,,,,,,,Cyclops x2*,Cyclops*,,,,,,,,,,,,,,,,
144,Storm = Ororo Munroe,,,,,,,,,,,,,,,,,,,,,,,,,,,,,,,,
144,Colossus = Peter (Piotr) Rasputin,,,,,,,,,,,,,,,,,,,,,,,,,,,,,,,,
144,Nightcrawler = Kurt Wagner,,,,,,,,,,,,,,,,,,,,,,,,,,,,,,,,
144,Banshee = Sean Cassidy,,,,,,,,,,,,,,,,,,,,,,,,,,,,,,,,
144,Angel = Warren Worthington,,,1,,,,,,,,,,,,,,,,,,,,,,,,,,,,,
144,Ariel/Sprite/Shadowcat = Kitty Pryde,,,,,,,,,,,,,,,,,,,,,,,,,,,,,,,,
144,Magneto = Erik Magnus,,,,,,,,,,,,,,,,,,,,,,,,,,,,,,,,
144,Phoenix(2) = Rachel Summers,,,,,,,,,,,,,,,,,,,,,,,,,,,,,,,,
144,Rogue = Name Unknown,,,,,,,,,,,,,,,,,,,,,,,,,,,,,,,,
144,Mystique = Name Unknown,,,,,,,,,,,,,,,,,,,,,,,,,,,,,,,,
144,Binary/Ms Marvel = Carol Danvers,,,,,,,,,,,,,,,,,,,,,,,,,,,,,,,,
144,Longshot = (unknown real name),,,,,,,,,,,,,,,,,,,,,,,,,,,,,,,,
144,Dazzler = Alison Blaire,,,,,,,,,,,,,,,,,,,,,,,,,,,,,,,,
144,Psylocke = Elizabeth (Betsy) Braddock,,,,,,,,,,,,,,,,,,,,,,,,,,,,,,,,
144,Moira MacTaggert (scientist helper),,,,,,,,,,,,,,,,,,,,,,,,,,,,,,,,
144,Havok = Alex Summers,,,,,,,,,,,,,,,,,,,,,Lorna Dane/Polaris*,,,,Lorna Dane/Polaris x2*,,,,,,,
144,Jubilee = Jubilation Lee,,,,,,,,,,,,,,,,,,,,,,,,,,,,,,,,
144,Forge = Name Unknown,,,,,,,,,,,,,,,,,,,,,,,,,,,,,,,,
144,Gambit = Name Unknown,,,,,,,,,,,,,,,,,,,,,,,,,,,,,,,,
145,Professor X,,,,,,,,,,,,,1,,,,,,,,Storm,,,,,,,,,,,
145,Wolverine = Logan,1,,,,,,,,,,,,,,,,,,,,,,,,,,,,,,,
145,Cyclops = Scott Summers,1,,,,,1,,,,,,,,,,,,,,,,,,,,,,,,,,
145,Marvel Girl/Phoenix = Jean Grey,,,,,,,,,,,,,,,,,,,,,,,,,,,,,,,,
145,Storm = Ororo Munroe, 2*,,,,,,,,,,,1,,,,Kitty Pryde,,,,,Professor X,,,,,,,,1,,,
145,Colossus = Peter (Piotr) Rasputin,1,,,,,,,,,,,,,,,,,,,,,,,,,,,,,,,
145,Nightcrawler = Kurt Wagner,1,,,,,,,,,,,1,,,,,,Angel,,,,,,,,,,,1,,,
145,Banshee = Sean Cassidy,,,,,,,,,,,,,,,,,,,,,,,,,,,,,,,,
145,Angel = Warren Worthington,1,,,,,,,,,,,,,,,,,Nightcrawler,,,,,,,,,,,,,,
145,Ariel/Sprite/Shadowcat = Kitty Pryde,,,,,,,,,,,,,,,,Storm,,,,,,,,,,,,,,,,
145,Magneto = Erik Magnus,,,,,,,,,,,,,,,,,,,,,,,,,,,,,,,,
145,Phoenix(2) = Rachel Summers,,,,,,,,,,,,,,,,,,,,,,,,,,,,,,,,
145,Rogue = Name Unknown,,,,,,,,,,,,,,,,,,,,,,,,,,,,,,,,
145,Mystique = Name Unknown,,,,,,,,,,,,,,,,,,,,,,,,,,,,,,,,
145,Binary/Ms Marvel = Carol Danvers,,,,,,,,,,,,,,,,,,,,,,,,,,,,,,,,
145,Longshot = (unknown real name),,,,,,,,,,,,,,,,,,,,,,,,,,,,,,,,
145,Dazzler = Alison Blaire,,,,,,,,,,,,,,,,,,,,,,,,,,,,,,,,
145,Psylocke = Elizabeth (Betsy) Braddock,,,,,,,,,,,,,,,,,,,,,,,,,,,,,,,,
145,Moira MacTaggert (scientist helper),,1,,,,,,,,,,,,,,,,,,,,,,,,,,,,,,
145,Havok = Alex Summers,,,,,,,,,,,,,,,,,,,,,Lorna Dane/Polaris x2,,,,,,,,,,,
145,Jubilee = Jubilation Lee,,,,,,,,,,,,,,,,,,,,,,,,,,,,,,,,
145,Forge = Name Unknown,,,,,,,,,,,,,,,,,,,,,,,,,,,,,,,,
145,Gambit = Name Unknown,,,,,,,,,,,,,,,,,,,,,,,,,,,,,,,,
146,Professor X,,,,,,,,,,,,,,,,,,,,,,,,,,,,,,,,
146,Wolverine = Logan,,1,,,,,,,,,,,,,,,,,,,,,,,,,,,,,,
146,Cyclops = Scott Summers,,,,,,,,,,,,,,,,,,,,,,,,,,,,,,,,
146,Marvel Girl/Phoenix = Jean Grey,,,,,,,,,,,,,,,,,,,,,,,,,,,,,,,,
146,Storm = Ororo Munroe,,,,,,,,,,,,,,,,,,,,,,,,,,,,,,,,
146,Colossus = Peter (Piotr) Rasputin,,1,,,,,,,,,,,,,,,,,,,,,,,,,,,,,,
146,Nightcrawler = Kurt Wagner,,1,,,1,,,,,,,,,,,,,,,,,,,,,,,,,,,
146,Banshee = Sean Cassidy,,,,,,,,,,,1,,,,,,,,,,,,,,,,,,,,,
146,Angel = Warren Worthington,,1,,,,,,,,,,,,,,,,,,,,,,,,,,,,,,
146,Ariel/Sprite/Shadowcat = Kitty Pryde,,,,,,,,,,,,,,,,,,,,,,,,,,,,,,,,
146,Magneto = Erik Magnus,,,,,,,,,,,,,,,,,,,,,,,,,,,,,,,,
146,Phoenix(2) = Rachel Summers,,,,,,,,,,,,,,,,,,,,,,,,,,,,,,,,
146,Rogue = Name Unknown,,,,,,,,,,,,,,,,,,,,,,,,,,,,,,,,
146,Mystique = Name Unknown,,,,,,,,,,,,,,,,,,,,,,,,,,,,,,,,
146,Binary/Ms Marvel = Carol Danvers,,,,,,,,,,,,,,,,,,,,,,,,,,,,,,,,
146,Longshot = (unknown real name),,,,,,,,,,,,,,,,,,,,,,,,,,,,,,,,
146,Dazzler = Alison Blaire,,,,,,,,,,,,,,,,,,,,,,,,,,,,,,,,
146,Psylocke = Elizabeth (Betsy) Braddock,,,,,,,,,,,,,,,,,,,,,,,,,,,,,,,,
146,Moira MacTaggert (scientist helper),,,,,,,,,,,,,,,,,,,,,,,,,,,,,,,,
146,Havok = Alex Summers,,,,,,,,,,,,1,,,,,,,,,,,,,,,,,,,,
146,Jubilee = Jubilation Lee,,,,,,,,,,,,,,,,,,,,,,,,,,,,,,,,
146,Forge = Name Unknown,,,,,,,,,,,,,,,,,,,,,,,,,,,,,,,,
146,Gambit = Name Unknown,,,,,,,,,,,,,,,,,,,,,,,,,,,,,,,,
147,Professor X,,,,,,,,,,,,,,,,,,,,,,,,,,,,,,,,
147,Wolverine = Logan,,,,,,,,,,,,2*,,,,,,,,,,,,,,,,,,,,
147,Cyclops = Scott Summers,,,,,,,,,,,,,,,,,,,,,Lee Forrester,,,,,,,,,,,
147,Marvel Girl/Phoenix = Jean Grey,,,,,,,,,,,,,,,,,,,,,,,,,,,,,,,,
147,Storm = Ororo Munroe,1,,,1,,,,,,,,,,,,,,Angel,,,Arcade,,,,,,,,,,,
147,Colossus = Peter (Piotr) Rasputin,,,,,,,,,,,,,,,,,,,,,Arcade,,,,,,,,,,,
147,Nightcrawler = Kurt Wagner,,,,,1,,,,,,,,,,,,,,,,,,,,,,,,,,,
147,Banshee = Sean Cassidy,,,,,,,,,,,,,,,,,,,,,,,,,,,,,,,,
147,Angel = Warren Worthington,,,,,,,,,,,,,,,,,,Storm,,,,,,,,,,,,,,
147,Ariel/Sprite/Shadowcat = Kitty Pryde,,,,,,,,,,,,,,,,,,,,,,,,,,,,,,,,
147,Magneto = Erik Magnus,,,,,,,,,,,,,,,,,,,,,,,,,,,,,,,,
147,Phoenix(2) = Rachel Summers,,,,,,,,,,,,,,,,,,,,,,,,,,,,,,,,
147,Rogue = Name Unknown,,,,,,,,,,,,,,,,,,,,,,,,,,,,,,,,
147,Mystique = Name Unknown,,,,,,,,,,,,,,,,,,,,,,,,,,,,,,,,
147,Binary/Ms Marvel = Carol Danvers,,,,,,,,,,,,,,,,,,,,,,,,,,,,,,,,
147,Longshot = (unknown real name),,,,,,,,,,,,,,,,,,,,,,,,,,,,,,,,
147,Dazzler = Alison Blaire,,,,,,,,,,,,,,,,,,,,,,,,,,,,,,,,
147,Psylocke = Elizabeth (Betsy) Braddock,,,,,,,,,,,,,,,,,,,,,,,,,,,,,,,,
147,Moira MacTaggert (scientist helper),,,,,,,,,,,,,,,,,,,,,,,,,,,,,,,,
147,Havok = Alex Summers,,,,,,,,,,,,,,,,,,,,,,,,,,,,,,,,
147,Jubilee = Jubilation Lee,,,,,,,,,,,,,,,,,,,,,,,,,,,,,,,,
147,Forge = Name Unknown,,,,,,,,,,,,,,,,,,,,,,,,,,,,,,,,
147,Gambit = Name Unknown,,,,,,,,,,,,,,,,,,,,,,,,,,,,,,,,
148,Professor X,,,,,,,,,,,,,,,,,,,,,,,,,,,,,,,,
148,Wolverine = Logan,,,,,,,,,,,,1,,,,,,,,,Nightcrawler,,,,,,,,,,,
148,Cyclops = Scott Summers,,,,,,1,,,,,,,,,Lee Forrester,Lee Forrester,,,,Lee Forrester,Lee Forrester x2,,,,,,,,,,,
148,Marvel Girl/Phoenix = Jean Grey,,,,,,,,,,,,,,,,,,,,,,,,,,,,,,,,
148,Storm = Ororo Munroe,,,,,,,,,,,,,,,,Kitty Pryde,,,,,,,,,,,,,1,,,
148,Colossus = Peter (Piotr) Rasputin,,,,,,,,,,,,,,,,,,,,,Illyana Rasputin,,,,,,,,,,,
148,Nightcrawler = Kurt Wagner,,,,,,,,,,,,,,,,,,,,,Wolverine,,,,,,,,,,,
148,Banshee = Sean Cassidy,,,,,,,,,,,,,,,,,,,,,,Theresea Rourke,,,,,,,,,,
148,Angel = Warren Worthington,,,,,,,,,,,,,,,,,,,,,,,,,,,,,,,,
148,Ariel/Sprite/Shadowcat = Kitty Pryde,1,,,,,,,,,,,,,,,Storm,,,,,,Calliban,,,,,,,,,,
148,Magneto = Erik Magnus,,,,,,,,,,,,,,,,,,,,,,,,,,,,,,,,
148,Phoenix(2) = Rachel Summers,,,,,,,,,,,,,,,,,,,,,,,,,,,,,,,,
148,Rogue = Name Unknown,,,,,,,,,,,,,,,,,,,,,,,,,,,,,,,,
148,Mystique = Name Unknown,,,,,,,,,,,,,,,,,,,,,,,,,,,,,,,,
148,Binary/Ms Marvel = Carol Danvers,,,,,,,,,,,,,,,,,,,,,,,,,,,,,,,,
148,Longshot = (unknown real name),,,,,,,,,,,,,,,,,,,,,,,,,,,,,,,,
148,Dazzler = Alison Blaire,,,,,,,,,,,,,,,,,,,,,,,,,,,,,1,,,
148,Psylocke = Elizabeth (Betsy) Braddock,,,,,,,,,,,,,,,,,,,,,,,,,,,,,,,,
148,Moira MacTaggert (scientist helper),,,,,,,,,,,,,,,,,,,,,,,,,,,,,,,,
148,Havok = Alex Summers,,,,,,,,,,,,,,,,,,,,,,,,,,,,,,,,
148,Jubilee = Jubilation Lee,,,,,,,,,,,,,,,,,,,,,,,,,,,,,,,,
148,Forge = Name Unknown,,,,,,,,,,,,,,,,,,,,,,,,,,,,,,,,
148,Gambit = Name Unknown,,,,,,,,,,,,,,,,,,,,,,,,,,,,,,,,
149,Professor X,,,,,,,,,,,,,,,,,,,,,,,,,,,,,,,,
149,Wolverine = Logan,1,,,,,,,,,,,,,,,,,,,,,Kitty Pryde x2,,,,,,,1,,,
149,Cyclops = Scott Summers,,,,1*,1,,,,,,,,,,,,,,Lee Forrester,,Lee Forrester,,,,,,,,,,,
149,Marvel Girl/Phoenix = Jean Grey,,,,,,,,,,,,,,,,,,,,,,,,,,,,,,,,
149,Storm = Ororo Munroe,1,,,,,,,,,,,,,,,,,,,,Colossus,Nightcrawler,,,,,,,1,,,
149,Colossus = Peter (Piotr) Rasputin,1,,,,,,,,,,,,,,,,,,,,"Kitty Pryde, Storm, Nightcrawler",Kitty Pryde,,,,,,,1,,,
149,Nightcrawler = Kurt Wagner,,,,,,,,,,,,,,,,Kitty Pryde,,,,,"Kitty Pryde, Colossus",Storm,,,,,,,1,,,
149,Banshee = Sean Cassidy,,,,,,,,,,,,,,,,,,,,,,,,,,,,,,,,
149,Angel = Warren Worthington,,,,,,,,,,,,,,,,,,,,,,,,,,,,,,,,
149,Ariel/Sprite/Shadowcat = Kitty Pryde,,,,,,,,,,,,,,,,Nightcrawler,,,,,"Nightcrawler, Colossus","Wolverine x2, Colossus",,,,,,,,1,1,
149,Magneto = Erik Magnus,,,,,,,,,,,,,,,,,,,,,,,,,,,,,,,,
149,Phoenix(2) = Rachel Summers,,,,,,,,,,,,,,,,,,,,,,,,,,,,,,,,
149,Rogue = Name Unknown,,,,,,,,,,,,,,,,,,,,,,,,,,,,,,,,
149,Mystique = Name Unknown,,,,,,,,,,,,,,,,,,,,,,,,,,,,,,,,
149,Binary/Ms Marvel = Carol Danvers,,,,,,,,,,,,,,,,,,,,,,,,,,,,,,,,
149,Longshot = (unknown real name),,,,,,,,,,,,,,,,,,,,,,,,,,,,,,,,
149,Dazzler = Alison Blaire,,,,,,,,,,,,,,,,,,,,,,,,,,,,,,,,
149,Psylocke = Elizabeth (Betsy) Braddock,,,,,,,,,,,,,,,,,,,,,,,,,,,,,,,,
149,Moira MacTaggert (scientist helper),,,,,,,,,,,,,,,,,,,,,,,,,,,,,,,,
149,Havok = Alex Summers,,,,,,,,,,,,,,,,,,,,,,,,,,,,,,,,
149,Jubilee = Jubilation Lee,,,,,,,,,,,,,,,,,,,,,,,,,,,,,,,,
149,Forge = Name Unknown,,,,,,,,,,,,,,,,,,,,,,,,,,,,,,,,
149,Gambit = Name Unknown,,,,,,,,,,,,,,,,,,,,,,,,,,,,,,,,